{"type":"FeatureCollection","features":[{"type":"Feature","id":"19620994B64591758255713","properties":{"admin_level":"2","name":"the Federal Republic of Germany","source":"geoBoundaries / BKG"},"geometry":{"type":"MultiLineString","coordinates":[[[9.125932380974632,47.66864119793297],[9.120986455060915,47.67575357446793],[9.120676412886212,47.67231294278815],[9.125932380974632,47.66864119793297]],[[9.198598810087049,47.70243150970646],[9.195342785840921,47.70827957794023],[9.18781058509046,47.70558262533797],[9.198598810087049,47.70243150970646]],[[8.701282288247057,47.715224233611536],[8.66463462978436,47.71342774609366],[8.676489970535783,47.69794298348194],[8.659509230666515,47.68942326147442],[8.717719626259793,47.69074226474379],[8.701282288247057,47.715224233611536]],[[6.205108755664583,50.521969387976924],[6.195291312843835,50.53098147351625],[6.187262266340554,50.527089874997785],[6.192200700901651,50.52105561742286],[6.205108755664583,50.521969387976924]],[[6.237674689935034,50.57649501833049],[6.225180521164191,50.590457029068716],[6.174412224144874,50.557514350806684],[6.178032319136264,50.541606700888565],[6.196654859534192,50.53616598057562],[6.209621224539944,50.555088176877916],[6.224700418989187,50.55666606258876],[6.237674689935034,50.57649501833049]],[[6.270916792076321,50.62901773707898],[6.231521953875131,50.64803552861679],[6.224864334821234,50.64092129408249],[6.214650621928683,50.63921017291119],[6.188229185928265,50.63925783877829],[6.182378585203594,50.64695001183361],[6.166590342770178,50.64368728494031],[6.181838384034222,50.62375983724672],[6.270916792076321,50.62901773707898]],[[6.181437334065777,50.64971168054967],[6.191826106289795,50.66296360188875],[6.166980126032058,50.66102055095769],[6.181437334065777,50.64971168054967]],[[6.86501121009934,53.591101677800225],[6.863570872098137,53.58886353772215],[6.868922263651598,53.59189273765975],[6.86501121009934,53.591101677800225]],[[6.813217990817691,53.60233809252901],[6.754537352317016,53.61743195132357],[6.653755567365579,53.60744793967075],[6.639255128021773,53.59337343093915],[6.747385213157088,53.55739919201915],[6.75729067892172,53.56797171911961],[6.71811012758036,53.58403653365917],[6.813217990817691,53.60233809252901]],[[6.906970309532198,53.64180651056205],[6.898485507300393,53.653864949707724],[6.864963691721073,53.6431254247986],[6.890163242239908,53.62563154525964],[6.906970309532198,53.64180651056205]],[[7.099752607596827,53.68094980838703],[6.977640662786428,53.68140437341316],[6.863330436550427,53.66880209354184],[6.853592538764701,53.66331717424822],[7.099752607596827,53.68094980838703]],[[7.347395995728675,53.723180155939474],[7.190420436953673,53.72305592179339],[7.137296138306169,53.70697553729127],[7.270238320841884,53.703690350729175],[7.347395995728675,53.723180155939474]],[[7.430158741133027,53.72312041037867],[7.393860340682238,53.73613734066578],[7.359472284618278,53.72690739705877],[7.364279331825742,53.72031958248277],[7.430158741133027,53.72312041037867]],[[7.642707838296133,53.75361088563392],[7.479802090594035,53.7543603185739],[7.460545219686196,53.7248006479316],[7.505413663709646,53.72368327176565],[7.511634225738987,53.74326024106733],[7.642707838296133,53.75361088563392]],[[7.72848248967523,53.78169374626941],[7.665430906810968,53.76002614099366],[7.682719390187742,53.7509287115908],[7.815279433698947,53.77702595368487],[7.72848248967523,53.78169374626941]],[[7.885377131949156,53.794553155803555],[7.84641750896094,53.787975097073115],[7.864772767249463,53.77306731970111],[7.875557600902596,53.78857649081243],[7.977601276777534,53.7765752593408],[7.885377131949156,53.794553155803555]],[[8.51465534326951,53.91764946345205],[8.491131030972326,53.92867085567548],[8.486976414929643,53.91391154648073],[8.51465534326951,53.91764946345205]],[[11.426799919081077,53.93796751728712],[11.42839657094504,53.94339132584906],[11.423207730952072,53.942190471912795],[11.426799919081077,53.93796751728712]],[[13.958917306988155,53.94110596956489],[13.960766590106118,53.9420443527647],[13.959025320062494,53.94367253306103],[13.958917306988155,53.94110596956489]],[[14.03277500776045,53.94413759767207],[14.033396112840364,53.94652103761587],[14.031124321929951,53.94483188778145],[14.03277500776045,53.94413759767207]],[[14.028817914315368,53.94738229046038],[14.027327940032478,53.951079121904],[14.024216635589312,53.9515098072319],[14.028817914315368,53.94738229046038]],[[8.458234722654367,53.957073443284855],[8.436453778519137,53.96357881251225],[8.419906902181822,53.948717521096796],[8.431291855234974,53.94452816694138],[8.458234722654367,53.957073443284855]],[[11.467246062056176,53.96378724928218],[11.470645831240176,53.968467090084175],[11.467271768277556,53.967561626567885],[11.467246062056176,53.96378724928218]],[[11.473005882515508,54.02444752673205],[11.37685254390982,53.9964269306584],[11.37662308278908,53.9787082394937],[11.388106553874422,53.96613511204583],[11.400091267498055,53.9640527390427],[11.41113987770325,53.96657737794368],[11.38701232086197,53.96781610053267],[11.393635022838055,53.97465173229165],[11.4021469225425,53.96831596710825],[11.409895987609787,53.96887291095612],[11.420526161253406,53.96213526662933],[11.425946064059644,53.960764163835165],[11.431768432367335,53.96163345482012],[11.427868480046357,53.98580985743905],[11.44615408314445,53.99732769881433],[11.441474095752938,53.9646217814701],[11.455957341857868,53.95753345460531],[11.495327759868246,54.01111005468533],[11.473005882515508,54.02444752673205]],[[13.925955809513027,54.01603996277413],[13.926332352955797,54.03030029662142],[13.91762782026774,54.01927991433661],[13.925955809513027,54.01603996277413]],[[11.494789051573548,54.02419528578389],[11.495990089870816,54.03148662201005],[11.486319894847327,54.02521310879797],[11.494789051573548,54.02419528578389]],[[13.78524371202775,54.052946614294854],[13.782315170508753,54.05940758848948],[13.780285006747704,54.05578612832721],[13.78524371202775,54.052946614294854]],[[11.514908865152051,54.03832629532235],[11.515186500256846,54.05450101241183],[11.523001697870086,54.06848707192091],[11.512419671230873,54.05593144078341],[11.514908865152051,54.03832629532235]],[[8.684254632545333,54.05222824663633],[8.700047929168647,54.06776114096397],[8.685813244885367,54.065923535542765],[8.68220129865108,54.04879445250202],[8.693724376778619,54.04566477490948],[8.702261188603018,54.04820997950702],[8.684254632545333,54.05222824663633]],[[13.806411325722138,54.08420987968225],[13.801789037034496,54.08159842113031],[13.80389400910127,54.07907125333571],[13.806411325722138,54.08420987968225]],[[13.809294131319177,54.16994984061273],[13.812269906131291,54.17336889755666],[13.806582859711284,54.174030315646576],[13.809294131319177,54.16994984061273]],[[13.796850837196416,54.174138299942626],[13.749296748646088,54.15847457404243],[13.774831550235888,54.12010601428119],[13.813839360698012,54.10782325903625],[13.807036258316714,54.078383745013866],[13.78809163472124,54.05601212346079],[13.790568132913052,54.04867718540385],[13.764304803124219,54.02998066137849],[13.769915621209009,54.01918411945161],[13.801286645162577,54.01874070691815],[13.858941103249379,54.04811080676836],[13.8796764640976,54.04025984131869],[13.853236518250753,54.01367774143466],[13.861586552577364,53.99975171437018],[13.924067821372887,54.03580373295597],[13.907348924513315,54.04311474365056],[13.911190421800598,54.06399433057396],[13.973258916166117,54.06399662834178],[14.004361175927556,54.0106553529622],[14.032710449927379,54.01710739509025],[14.047581112278579,53.9974424487101],[14.04018052910817,53.940721263875275],[14.011792623830559,53.949319615408],[14.023295886296182,53.962214099401194],[13.983681823057736,53.96210030188746],[13.963523534683418,53.95703787779587],[13.959602032807595,53.93399228811364],[13.949969504089381,53.95887000454712],[13.972228479260934,53.96961466368583],[13.965029899110618,53.98979981480966],[13.905954691156126,53.98954333625602],[13.895136172496393,53.9664857325306],[13.922692555617004,53.95062918029248],[13.937972831281172,53.90895263795392],[13.893418387348731,53.87717067688527],[13.83414253075324,53.87100840261576],[13.826150251233173,53.84968518192568],[13.898238400082164,53.83990614285426],[13.931506523207531,53.87037201085968],[13.955056460787091,53.860324054711384],[13.923313254203379,53.8520882378819],[13.939010887242716,53.84343669594682],[13.990989289524123,53.84844705378856],[14.040923856550762,53.87450838775197],[14.213077509119785,53.86647963262902],[14.212300979606596,53.900294718926204],[14.185314310706929,53.91410242398774],[14.226321977777104,53.928643439842915],[14.016216602114525,54.05389184942936],[13.874714328803293,54.100287576110816],[13.796850837196416,54.174138299942626]],[[13.811016161266878,54.1781119040412],[13.803404179859058,54.178028101615666],[13.812059778635899,54.17614195708569],[13.811016161266878,54.1781119040412]],[[7.919787116182533,54.18872337538352],[7.891415913113974,54.193011217893456],[7.869099860670076,54.187827256722585],[7.907684731665086,54.168880778725],[7.919787116182533,54.18872337538352]],[[13.770727291731191,54.20074033959503],[13.769236302113711,54.20911389029385],[13.768949761922045,54.20082204660025],[13.770727291731191,54.20074033959503]],[[13.926762008559876,54.24867061725524],[13.91755789258275,54.25120391752682],[13.90699011390268,54.2402240497002],[13.926762008559876,54.24867061725524]],[[13.524755801738934,54.30940815456273],[13.542201346315153,54.33240686348603],[13.519072223104672,54.311851131424646],[13.524755801738934,54.30940815456273]],[[12.528019838244973,54.34622056162965],[12.529585852904859,54.35009267363802],[12.526920292937234,54.35222689435574],[12.528019838244973,54.34622056162965]],[[12.535520950331659,54.35600918297746],[12.527863697051998,54.35411283563889],[12.530961208592942,54.34992789805409],[12.535520950331659,54.35600918297746]],[[12.527914089663568,54.35777705586651],[12.527901315693214,54.361722379883986],[12.525126062717675,54.359388531255775],[12.527914089663568,54.35777705586651]],[[12.527431805733272,54.36564536294321],[12.52494775503493,54.36536419979802],[12.525863977140887,54.3626050563783],[12.527431805733272,54.36564536294321]],[[12.524352557624468,54.36852281307739],[12.52294859989803,54.368093867937716],[12.528996747501935,54.36775889835451],[12.524352557624468,54.36852281307739]],[[12.524449992872917,54.37058869251422],[12.522531388213054,54.37392267898849],[12.518718025316673,54.372463003764665],[12.524449992872917,54.37058869251422]],[[12.584531151891213,54.375337828777845],[12.584889934622822,54.38071207480249],[12.580441213291408,54.377105587452945],[12.584531151891213,54.375337828777845]],[[13.209216092948395,54.40109542931066],[13.217181631127403,54.397703942882686],[13.220257594012821,54.400537768703146],[13.209216092948395,54.40109542931066]],[[12.662395366552971,54.40484528478214],[12.658657432494579,54.40827435477769],[12.656323225936205,54.40657480068654],[12.662395366552971,54.40484528478214]],[[12.729774998817163,54.40490285578221],[12.724436018807296,54.41242209550336],[12.718130043666633,54.40526849674376],[12.729774998817163,54.40490285578221]],[[12.671143668345678,54.416196664344625],[12.670447738772168,54.42096139755051],[12.668610393255108,54.418474069722606],[12.671143668345678,54.416196664344625]],[[12.637304884912567,54.41609817688942],[12.638030612622742,54.42354234570274],[12.635358722327226,54.42209910199199],[12.637304884912567,54.41609817688942]],[[12.725525782189152,54.42716916312645],[12.723620914673518,54.429645781827446],[12.723097335673572,54.42786766835826],[12.725525782189152,54.42716916312645]],[[13.117881802103511,54.42671122294462],[13.123002704611167,54.42885799729879],[13.116617762699661,54.43084460509448],[13.117881802103511,54.42671122294462]],[[12.695731840851806,54.43103272078349],[12.677280613209803,54.4159583673848],[12.7309068783498,54.416364969767585],[12.724080533889548,54.42537342024718],[12.695731840851806,54.43103272078349]],[[12.92929320551707,54.42728750401517],[12.92968681989089,54.430154296283774],[12.923224697262015,54.43303882048525],[12.92929320551707,54.42728750401517]],[[11.082480423632717,54.43890965145931],[11.088575916045727,54.43590693745523],[11.091347801060238,54.438120450498445],[11.082480423632717,54.43890965145931]],[[12.970146868183463,54.43642168691139],[12.971534229820918,54.44047777952596],[12.967789186621701,54.438468493526216],[12.970146868183463,54.43642168691139]],[[12.98101275413535,54.442374286943846],[12.973554356248599,54.44135649540601],[12.981968407915758,54.43750144893278],[12.98101275413535,54.442374286943846]],[[12.960567522673102,54.4372207984012],[12.930027253754815,54.44306053171823],[12.923932428638693,54.43479327908659],[12.960567522673102,54.4372207984012]],[[12.988483090522266,54.44372793659505],[12.989248480133313,54.44511028900871],[12.986984439580283,54.444042695713904],[12.988483090522266,54.44372793659505]],[[13.048412253322908,54.460254961297494],[13.033047794819936,54.44680497147232],[12.998245451666321,54.447406296863164],[12.984373401911,54.435797802926345],[12.973263386895837,54.44040374463714],[12.97319003009585,54.43455816752544],[12.988628866129318,54.4339919975327],[13.015637950630946,54.443674015943145],[13.04155835273582,54.44243454781616],[13.058989312107144,54.45119964175012],[13.048412253322908,54.460254961297494]],[[13.203125811207258,54.461609031831415],[13.199219675147958,54.4617041765066],[13.198665217925509,54.457295961539444],[13.203125811207258,54.461609031831415]],[[13.210758334929267,54.463885518102245],[13.212493064203613,54.465068359517204],[13.209070695955916,54.46438219208454],[13.210758334929267,54.463885518102245]],[[13.207316259837569,54.4653735426549],[13.206325503719086,54.46667334090199],[13.203811457033169,54.465872703262676],[13.207316259837569,54.4653735426549]],[[8.735937941183067,54.46762368688371],[8.718479771923967,54.466442334746034],[8.727232761882476,54.462323142998684],[8.735937941183067,54.46762368688371]],[[8.547709365694743,54.468629825006474],[8.559346723372641,54.46186393747081],[8.56197240919937,54.464789560689724],[8.547709365694743,54.468629825006474]],[[13.222824706095366,54.46500956364048],[13.213227298600998,54.467059034946544],[13.21372312722059,54.464483923394425],[13.222824706095366,54.46500956364048]],[[13.080708558253434,54.47451809293568],[13.082809620067962,54.476875519989335],[13.079930233693403,54.475717065490244],[13.080708558253434,54.47451809293568]],[[13.190235350780881,54.49328148155519],[13.143840869660437,54.47826166934061],[13.120411480805217,54.44435430540693],[13.160675830325374,54.44898153856718],[13.18737936116861,54.465613472783616],[13.225492598005019,54.47067782771961],[13.224841601258959,54.486606936361056],[13.190235350780881,54.49328148155519]],[[13.166013336346452,54.51134675974521],[13.155170991048465,54.50665559557933],[13.168844525354586,54.50520865295704],[13.166013336346452,54.51134675974521]],[[8.510381400681126,54.52731902775099],[8.516689793199419,54.52901479659562],[8.507215488504016,54.52760112169449],[8.510381400681126,54.52731902775099]],[[11.232678195042695,54.506862682466874],[11.064243732862053,54.535055963661875],[11.031162978089014,54.51180432131241],[11.010317917937584,54.48255704996791],[11.008926289017097,54.44166760957256],[11.038218166735078,54.42985929796828],[11.04714500463831,54.42828164248385],[11.022860902808475,54.44393069864287],[11.095116470348898,54.445452705877756],[11.095144845758057,54.4095336007951],[11.120965638953123,54.4020752703575],[11.229885664291999,54.412225386792215],[11.312662826728115,54.402258424486774],[11.232678195042695,54.506862682466874]],[[13.301308145354653,54.54062495697622],[13.298631157701834,54.53909864828404],[13.30284439515276,54.537545048765026],[13.301308145354653,54.54062495697622]],[[13.118569019944346,54.53893293470725],[13.122935625978414,54.54984673563837],[13.1169576713595,54.54685861942977],[13.118569019944346,54.53893293470725]],[[8.82778671888201,54.545838236045824],[8.804572923601597,54.555732248944196],[8.789375359485291,54.55190447171407],[8.82778671888201,54.545838236045824]],[[8.705040588352517,54.55756110755914],[8.59055994958203,54.53167547504319],[8.592239741970559,54.508678874130794],[8.6265055379003,54.488877894499296],[8.687278667676424,54.5090214690656],[8.70321859786003,54.50132037653418],[8.686992151766447,54.52087905092753],[8.705040588352517,54.55756110755914]],[[8.575569922014324,54.56045579499897],[8.549936510661496,54.57943125005221],[8.508544968875242,54.57669450784533],[8.575569922014324,54.56045579499897]],[[8.824973778017466,54.604271093336365],[8.814715014486353,54.60187262751981],[8.808498614519465,54.604507659101216],[8.818064625781915,54.59497135874125],[8.824973778017466,54.604271093336365]],[[13.146787183581694,54.60335427947649],[13.097973357084811,54.59062082359219],[13.098432827013426,54.55864442280193],[13.060965314197915,54.47876005383347],[13.06496665518705,54.45773218129517],[13.084632444231943,54.51916063265713],[13.116746714689157,54.537663904065994],[13.1114218351496,54.584668503248906],[13.141350674793841,54.59884820747885],[13.13442335265563,54.58847004725493],[13.144994919280123,54.573648892582355],[13.146595738602514,54.595516308331014],[13.157957929814643,54.57371940932336],[13.146787183581694,54.60335427947649]],[[8.77149903785039,54.63698501284813],[8.766412090145877,54.63784958329171],[8.76119339535893,54.63574515441542],[8.77149903785039,54.63698501284813]],[[8.736289594988875,54.643938102361574],[8.713805059955575,54.63915358137274],[8.710327744929543,54.63159433800837],[8.728685798311005,54.628882623933976],[8.736289594988875,54.643938102361574]],[[8.547565636944626,54.61776127656174],[8.663465466158414,54.65587923843617],[8.651870161678687,54.657637716107786],[8.528868123665006,54.62730577963805],[8.547565636944626,54.61776127656174]],[[8.713080503162757,54.680071769496635],[8.690774130122065,54.676286321556574],[8.681175549012437,54.67577861738931],[8.709706828707226,54.67238678292375],[8.713080503162757,54.680071769496635]],[[8.342427442672374,54.69355125078965],[8.360455776712797,54.710422419059455],[8.294096231955564,54.66617513677318],[8.365543830583363,54.60926757553824],[8.397153404206279,54.61408128762139],[8.401877623853295,54.62640598095129],[8.36110137572797,54.64978598443571],[8.342427442672374,54.69355125078965]],[[8.56590654924787,54.7518612939636],[8.427282048028133,54.746184307359954],[8.396507270094503,54.70418659283706],[8.484872379057094,54.68030419658146],[8.566453099630905,54.6799749304987],[8.596999617038762,54.719090621834766],[8.56590654924787,54.7518612939636]],[[8.364335289242263,54.86798667584446],[8.360345561198756,54.869635659258336],[8.367108614970675,54.86854618455885],[8.364335289242263,54.86798667584446]],[[10.454459535579133,47.55573834324997],[10.569414659359097,47.53357730784654],[10.597954196628905,47.56971523956673],[10.691187264780467,47.55844114054628],[10.694834380802092,47.54463813174442],[10.75758235074494,47.534725797857334],[10.777572469493919,47.51393853893251],[10.890209019630618,47.537202200721026],[10.917914810719992,47.513629914988655],[10.870477884047148,47.49936919083552],[10.870048944303392,47.48322013410194],[10.937054525146266,47.481466457910756],[10.928072664921615,47.47192523646055],[10.983600033914456,47.4300145565266],[10.970328786144592,47.40002058348318],[11.115455044015107,47.39559307446086],[11.129196925897475,47.41279839572945],[11.206910414184335,47.433801208658906],[11.253410754502795,47.42824380490771],[11.2250017520293,47.39527278271282],[11.272891854275713,47.39785257163891],[11.291059794573926,47.42717287782608],[11.338124367745422,47.44971730860698],[11.421453927057144,47.44471426944801],[11.409372653225432,47.46673893165644],[11.383809621017235,47.472207700025365],[11.437108054493194,47.51585355799534],[11.505598889077532,47.5047314533939],[11.572452230885801,47.5145097703097],[11.605554467764534,47.580808683673865],[11.633911714254282,47.58083171711013],[11.637139099589831,47.59425903862376],[11.843867747598495,47.581214837294965],[11.854913363061314,47.60233756402744],[12.008548721946,47.6251490215102],[12.022278158110566,47.61113580067672],[12.20388194699433,47.60680973608049],[12.162598450658038,47.70112977791695],[12.203651083830493,47.707403269545296],[12.256972280946059,47.7430071703447],[12.264886376105437,47.7324830627432],[12.24116747569849,47.69410412480556],[12.255189497297522,47.679294992270115],[12.338045373795012,47.69708734690357],[12.363702107266477,47.6837995695945],[12.440126465064338,47.69517254727526],[12.440728357927412,47.6738571300026],[12.499216429994306,47.625017004631104],[12.575034110535796,47.63231955900051],[12.60741524581698,47.67371332481014],[12.695908285139296,47.68220500865431],[12.757193878294913,47.66301170362726],[12.781115045223203,47.674141358936595],[12.759012632127337,47.6509038890033],[12.824613711153916,47.61210408273729],[12.779094133687352,47.57904929768699],[12.80384823830559,47.54988690165925],[12.847566238990794,47.546034762694205],[12.908724053772119,47.49698922227486],[12.969434351514167,47.47418338375621],[12.977907427485832,47.48462597680742],[13.001083990833536,47.463883747836746],[13.04750486076074,47.49208302661043],[13.04733150024856,47.52137729292775],[13.031031506698753,47.5330865603965],[13.057295139559074,47.56210938703862],[13.043574404335345,47.583446558911646],[13.07188153160746,47.58837246142002],[13.062955511187965,47.60213285494734],[13.098660589314818,47.63540706468433],[13.080793954277624,47.68702414364935],[13.01750491172237,47.722888082519034],[12.973525842343804,47.70706584211496],[12.905046866219948,47.72364341860896],[12.944764887489612,47.76460280107847],[12.928223256897809,47.771256403760106],[13.003294582878766,47.85031169133157],[12.937822201333574,47.94366302932542],[12.873303025614177,47.96416467705825],[12.851375614293204,48.01483389306975],[12.759719209673847,48.075050392861385],[12.758258591061178,48.126325188057024],[12.786893602158045,48.123609957633505],[12.868643756803976,48.20084633848779],[12.957144345035545,48.20963503333019],[13.022392355622742,48.25797400699486],[13.1791592968641,48.29473832551338],[13.255192759838053,48.29338998006358],[13.329748843534333,48.32352787700995],[13.417602794933089,48.383841703232065],[13.439958167535451,48.4329673966281],[13.427425095891522,48.458091744938145],[13.458039673092514,48.511944323571754],[13.438054967362916,48.55774207123966],[13.475392160319984,48.556094957516336],[13.508992162958009,48.59060155142049],[13.56951685232093,48.56128062560043],[13.599471891914334,48.56936497411431],[13.727359451977179,48.51300820806239],[13.754124826499606,48.563779752533605],[13.7704273723254,48.553643585483144],[13.801086760045962,48.57380275699171],[13.801471108704732,48.5975951293118],[13.825618496496475,48.618313673737134],[13.813676370268297,48.69191607136963],[13.837576294310566,48.70066740837427],[13.79491717518755,48.714928273720886],[13.839506769122124,48.771604902544254],[13.803902388984113,48.781126420747796],[13.8153183389702,48.79690072638749],[13.793092274488913,48.830221351034595],[13.764746363054257,48.83424610587315],[13.737929347661293,48.88584781632369],[13.676238049646315,48.878716676333624],[13.655197416627516,48.893465514721754],[13.622335608101878,48.93899525182945],[13.628668330878838,48.949206192112115],[13.608540677010694,48.94048719652693],[13.585477689943502,48.968511645296246],[13.529236959817865,48.97410286265705],[13.507073734565267,48.96908625182914],[13.508258016694185,48.94216588364867],[13.495621998756292,48.941344727976855],[13.402895552887514,48.98734273487935],[13.397147200582879,49.05100999631435],[13.289188608967152,49.1186346893395],[13.236364793600387,49.11359506126314],[13.1827916828899,49.13447841274859],[13.170908084540542,49.17357973381769],[13.10997028260249,49.20317891077815],[13.114122112545488,49.21842832440768],[13.08604992326542,49.22941150173949],[13.0807621218745,49.24741741927852],[13.033896389706683,49.26390273432378],[13.029109282267598,49.304348045426025],[12.942958575777709,49.34419944245036],[12.880237338182667,49.350523496662106],[12.886922447712834,49.33230054393499],[12.786286614635628,49.34539792037776],[12.757631008164537,49.394756847550525],[12.70871892533819,49.424677257849225],[12.655893345501568,49.43454683436897],[12.633763691940885,49.476195017486134],[12.64425037965134,49.52304246463808],[12.588501691100191,49.5385361647123],[12.560669828549806,49.61963429468699],[12.528168524058174,49.618183855500604],[12.521638213932476,49.68676182809594],[12.442886119299033,49.70369987444968],[12.40071737081007,49.75384886863043],[12.472723169638641,49.78593778180323],[12.472946945245383,49.8335886850698],[12.498008182731496,49.83757961370827],[12.497845379360797,49.85690503543907],[12.5496731065287,49.90109238150825],[12.547730388346793,49.92034323954891],[12.4755143909764,49.93791852751809],[12.470481629223855,49.94903097340074],[12.499541529518012,49.97201625364727],[12.489889637496844,49.98176080641616],[12.460667999528596,49.994874127838784],[12.431519615837658,49.984381863432304],[12.43122362916722,50.002615084618526],[12.338880725265312,50.039610001900144],[12.325409711988641,50.03301885803393],[12.317333127322001,50.053378688076066],[12.260912108307195,50.05843035447731],[12.275353646553583,50.076470932787345],[12.201422342567128,50.10850072273024],[12.19520215375644,50.14304383990134],[12.215995454326787,50.16817982184136],[12.197454144293374,50.19883867986124],[12.159498485766562,50.21118073460326],[12.151332130773255,50.235724604706775],[12.09232481713667,50.24971378935993],[12.139939875225139,50.277718575352026],[12.125560837162936,50.30761714471549],[12.10090036995615,50.31802824350871],[12.184453107724778,50.32232471771158],[12.201344718483995,50.30895158754578],[12.201456890023508,50.27278176046991],[12.253703138289268,50.27108589359915],[12.266036468708137,50.2502146218074],[12.24753995750308,50.25779020495406],[12.239627312950176,50.246168907369224],[12.293877804716942,50.221270145001256],[12.274669294852117,50.19668697182635],[12.289803626736045,50.176930077860845],[12.334553826997592,50.17174892257475],[12.323662273495188,50.182038656958525],[12.33821995558651,50.19247778132461],[12.323054690621518,50.20745342783346],[12.331084488958027,50.242714051112614],[12.359299477988543,50.2423178412954],[12.35211703887029,50.261745872973734],[12.400566175888343,50.29520771276577],[12.398015033067395,50.32115327160625],[12.431200364605218,50.322724049075646],[12.469426672303143,50.35499038679694],[12.489306910085872,50.34981661854215],[12.486528324222832,50.37084340829671],[12.512047935363967,50.39725816952898],[12.67312153922768,50.41687581876408],[12.707056705702428,50.39731746273077],[12.734613355921681,50.432197956070866],[12.79492996824348,50.449446887264116],[12.810618706987782,50.43105705723747],[12.819380927587815,50.45979531680047],[12.912391784952945,50.42372909162435],[12.937308320622549,50.406328326990774],[12.947972824086605,50.40427966057791],[13.019865410860064,50.44673235201651],[13.031745820213473,50.509731804778994],[13.085345598520632,50.50027136493162],[13.132671091997338,50.518277971351324],[13.136736576232067,50.50642449849187],[13.195270342852098,50.50326287068498],[13.248438250524885,50.592053331995714],[13.278770586293547,50.59299489969493],[13.290912693865778,50.57501764534811],[13.323678120249099,50.58164863457688],[13.324732371202003,50.60803862488268],[13.377699915318885,50.627675092431616],[13.370982951801807,50.65054589707552],[13.464767584956121,50.6018925959666],[13.524193077048892,50.639264663733286],[13.512806844260524,50.65371252061641],[13.544372940159121,50.677447602524865],[13.526820353776372,50.70501677580364],[13.664308585872561,50.731928598625984],[13.706467566824813,50.716923815881444],[13.758341666634635,50.73581460336129],[13.855192645324394,50.727109704649195],[13.86177786355762,50.74290934958685],[13.898190316030309,50.74448565339026],[13.887530921614768,50.77046048606263],[13.901054929241639,50.79342943102347],[13.939180495783319,50.78997900752523],[13.990311031628835,50.82000502880908],[14.03066484031018,50.80416180002709],[14.078378207788091,50.81241992903654],[14.223292323681846,50.85923670930674],[14.23315016404888,50.887524024514164],[14.267504609750006,50.895304530779526],[14.304845069944065,50.883981085958396],[14.387635007249855,50.899087975929376],[14.396728063249554,50.93649067280637],[14.311707899899716,50.95376043589545],[14.302559058054158,50.965332058527736],[14.328423370342307,50.973506376118394],[14.323554182679459,50.9853636468149],[14.258647344299561,50.98753751504432],[14.260642522634384,51.00882924147635],[14.286314960966706,51.026961945437506],[14.273792350236818,51.03977211708957],[14.301858340490071,51.05504617034455],[14.382565513587622,51.038569897083164],[14.408442123205475,51.018771588438085],[14.45381973009654,51.0358932044079],[14.492658358296637,51.02340394773404],[14.491220962877208,51.043530577274396],[14.508211954118451,51.043154596807256],[14.498557610545333,51.022058888407],[14.532145952573728,51.01652943648435],[14.534698160191965,51.003714237622034],[14.564531186964757,51.01013771008729],[14.59917754360879,50.98711100167145],[14.564810750215997,50.91835296052079],[14.650215415109358,50.93153456746637],[14.652896344490728,50.9054859975808],[14.618868455215079,50.85771029809183],[14.708706569152866,50.84088894237084],[14.722323034280635,50.822081549923666],[14.793911832764934,50.82014753807846],[14.824748935515004,50.86696751184127],[14.820431626718232,50.88625401900782],[14.896553476861527,50.94064167627238],[14.917197957619692,50.99520304658341],[14.964696836789642,51.05036207934654],[14.980914807672264,51.11605404745637],[14.997766979562527,51.12241749647035],[15.009804722609886,51.213453394958265],[15.037618673363113,51.24420304403532],[15.023391885127467,51.25070685923424],[15.041789401659628,51.274035224546026],[14.965243451923811,51.36108329705655],[14.983740930799343,51.373549568857584],[14.958283106680085,51.395344692603544],[14.96892551649944,51.397729978855466],[14.958634071605161,51.431245163733365],[14.97421645022905,51.44167401244579],[14.949088456067443,51.47126488866371],[14.729118627322862,51.53143962304023],[14.711240953107563,51.562655300801566],[14.764909531349815,51.60704414627037],[14.7575478735356,51.66150403168575],[14.668123663576239,51.7258300177412],[14.64589435434101,51.795088395812854],[14.590144372564794,51.82100998951944],[14.611001836165883,51.85701174139882],[14.694259159232843,51.901984622792156],[14.721230976728236,51.95116209105771],[14.704708297549928,51.97661883239323],[14.721392881676195,51.99381844656409],[14.714049732808974,52.00369220762934],[14.748263133336991,52.03183024077305],[14.759042582749032,52.06476202734575],[14.681595447571908,52.11665177535917],[14.679584852159223,52.14492951368618],[14.705415465951035,52.16962629371852],[14.685177146907847,52.19408442155884],[14.715746889307525,52.23588355048554],[14.692153980321962,52.25594603048495],[14.576039609740235,52.288366710755156],[14.58492186015576,52.30645775901843],[14.534357221808364,52.39500777668758],[14.549527445635135,52.43362290537283],[14.57923730305913,52.44175116778223],[14.634541163543929,52.49233735028855],[14.603921495280815,52.53133983046888],[14.63911057749118,52.57299886300717],[14.596155324208894,52.6106620656019],[14.465104602995098,52.661325561025876],[14.351042390893667,52.751507203394794],[14.278810273175623,52.77445445580855],[14.217490123570371,52.81687246039576],[14.12292694822014,52.83765710679012],[14.161595564983372,52.88809495871544],[14.143657774686574,52.96136543636584],[14.348570677994417,53.05471830950245],[14.387737259267169,53.14302568558696],[14.366254963795598,53.17198863986391],[14.377272991655275,53.201748296346864],[14.405216791921475,53.21022967126237],[14.450570288887775,53.26224993248843],[14.421216587275751,53.27613673112529],[14.406774512134064,53.30871101380228],[14.4154976248156,53.324299336045556],[14.373283270806326,53.40895073059181],[14.371281485152451,53.456439549046024],[14.358030169956407,53.45731457500767],[14.350647880795123,53.49600626657599],[14.326882895529252,53.50381048976237],[14.30255731786599,53.55340466159589],[14.316948093879489,53.61806704535792],[14.283849903949942,53.634443070291525],[14.27077829758042,53.666583910319275],[14.283681257683952,53.68250397987481],[14.26680844635274,53.69870465409656],[14.26694856972074,53.75348675131255],[14.283595832881417,53.772302946323975],[14.27042493056615,53.78994875732934],[14.178515077209113,53.806802764735835],[13.986859913854005,53.81220819924903],[13.822463699939874,53.847704554621544],[13.826153775676232,53.877628140426395],[13.914106243308538,53.921857458754744],[13.881314849900434,53.949795090571],[13.852625100667922,53.95275542312436],[13.833821623868914,53.984428628278636],[13.743604331474785,54.02871742866648],[13.782645260370543,54.04754293705696],[13.773806348284381,54.059802087796186],[13.808750796911795,54.10045250547881],[13.74731470490974,54.13459580834996],[13.749066129198525,54.139782873980494],[13.697389209344578,54.14892290696662],[13.71830211974708,54.16322956848984],[13.7062583845169,54.17118193160093],[13.623476488948882,54.1396605113236],[13.485988282932965,54.122778052065485],[13.47694902168007,54.11575419040361],[13.501854179127122,54.087109294858124],[13.489404453952432,54.083845783755976],[13.4588475502743,54.090660949643166],[13.406736828941575,54.14703561310313],[13.419283787916527,54.17283972837083],[13.394404990497947,54.18121048847331],[13.39980482763076,54.16964341191397],[13.316391960520605,54.160125499092544],[13.37128361314825,54.181765640871674],[13.32660818521964,54.18382359728122],[13.29122909784462,54.23403459791842],[13.215672969831758,54.24121221037524],[13.185336940547415,54.26634254637145],[13.142765860556096,54.2536547023027],[13.178427336852167,54.26927398011014],[13.132873048252634,54.27941493335254],[13.138935061603831,54.319290755963664],[13.18550131233576,54.30001904354407],[13.15411225787443,54.304642629054115],[13.141667486165602,54.28092434558215],[13.19297533954034,54.29709023312779],[13.199541892344484,54.269918245430745],[13.217800846731734,54.27930802734363],[13.268173002282253,54.253729725546464],[13.321518895680526,54.25807676053415],[13.30968821613834,54.26570288198246],[13.336708766096706,54.27856150640844],[13.321679407578642,54.24566235263552],[13.29084862886117,54.25128307495402],[13.393587180304166,54.220971308479136],[13.424720026907778,54.23854552535579],[13.417371901192325,54.25582429785311],[13.364478087993405,54.2641037920564],[13.36937216889055,54.25417734600779],[13.357959282894626,54.24667726274555],[13.350821423170203,54.269835443950626],[13.390755697217685,54.27945028570218],[13.386721413162718,54.26656153488699],[13.419602258537452,54.302788982425625],[13.461909341642865,54.316406662537474],[13.454625574110992,54.33609271870404],[13.57531796425269,54.352998349893994],[13.614171847652699,54.330197487324256],[13.682148615366373,54.349891966541065],[13.609803576973547,54.31660384339273],[13.703623141594733,54.326303292463024],[13.645403994698654,54.29756069007385],[13.702217860965561,54.29562968466229],[13.709469868040003,54.27991229351761],[13.687040139490875,54.2799413712973],[13.723904396071077,54.273407259737326],[13.719296411100515,54.31150637182168],[13.766909407942876,54.34183448887063],[13.672937238262989,54.40120108436258],[13.613370272020461,54.403373480401854],[13.57052592673017,54.45765298249921],[13.577997760488302,54.479614626513865],[13.597585660150173,54.476358591475844],[13.609409737769226,54.498861024816506],[13.67768278173503,54.530278447492435],[13.67989175230258,54.562283748895936],[13.661158812029612,54.57578947060762],[13.425207789507908,54.57776585760831],[13.393314797240123,54.59861674626586],[13.377190829792994,54.63485405846808],[13.432154532505706,54.663624052408124],[13.429096601926688,54.68488300844416],[13.250612882278745,54.660459153766965],[13.219878455126661,54.640779087085264],[13.21480904420207,54.595551910692166],[13.160936899918056,54.559083360308875],[13.237939058640677,54.59418741072051],[13.22709691748878,54.625154945744214],[13.28297271262062,54.64558892578833],[13.287504452168776,54.625314438710404],[13.245451284549176,54.5578326488577],[13.332396506993234,54.58194074436989],[13.327577016765986,54.59340634862417],[13.368071411966127,54.61469746081923],[13.385335252120228,54.58072564157516],[13.446130971966852,54.55160125899096],[13.490403388505626,54.550818510665806],[13.484938042956344,54.55871302038963],[13.511133452346996,54.566114026241394],[13.491254223603562,54.55882701755286],[13.514186368306298,54.52687127059272],[13.503314555822158,54.479333886949405],[13.548100648925868,54.4749095003732],[13.546870261253616,54.456782512503025],[13.523993895202125,54.44803520446118],[13.557162122533953,54.438539184735646],[13.520060963842468,54.43391332394083],[13.5421691352974,54.427676105567855],[13.533779788006882,54.416300616080605],[13.476252416715681,54.42457899962119],[13.483467668498179,54.44286518907728],[13.514034758797152,54.44319160970508],[13.470800934215788,54.4540427638625],[13.500801199815555,54.48228979483821],[13.448382098255252,54.474381550668056],[13.4125825355556,54.493768655099416],[13.414581681699303,54.51987495336647],[13.37617682350168,54.55983699847877],[13.354363925554765,54.54736849276179],[13.38766979592441,54.53125660051177],[13.345708024605699,54.52048608046829],[13.3614369027909,54.54338239168408],[13.336091572168357,54.5485016565263],[13.353977810627498,54.55142284788616],[13.368973991356654,54.57891966081377],[13.297227362752665,54.552434453886974],[13.312115824485772,54.52442382410027],[13.304904763544073,54.51411689467898],[13.287938660141094,54.52210751584926],[13.289417087128925,54.54163532461058],[13.243706167205914,54.55556790503482],[13.144180806199302,54.546965665732955],[13.170685141705974,54.5078328279227],[13.231376325257258,54.51089801962797],[13.228588371156434,54.48544219200363],[13.270112698742082,54.47988865533722],[13.199987704269176,54.44802557542005],[13.170586191099915,54.45372846249859],[13.149423426549959,54.42813433982798],[13.211861744623889,54.4299440752589],[13.232403833969784,54.40377200237606],[13.249340034914724,54.40788186005983],[13.254837850486467,54.40571072487012],[13.230236184552325,54.39737250044061],[13.260337438621946,54.38045384347015],[13.22044254768548,54.36772915327788],[13.129931725568724,54.37209273758981],[13.11368668149521,54.33477905381034],[13.129103578567367,54.32114076573379],[13.079840947202001,54.352945268309554],[13.093836243647786,54.36577614235512],[13.082578375591595,54.37943038440477],[13.0256661216942,54.39650689487735],[13.034273546487043,54.43168896777172],[13.015778021838287,54.43939322591672],[12.897716254801367,54.401670370391344],[12.878088493589132,54.36499794010291],[12.809663608988387,54.34360109191692],[12.786491814745489,54.39644470945581],[12.755854629487601,54.37056027123958],[12.74405632733766,54.384060853325764],[12.719540384780998,54.37311047247039],[12.71510991788847,54.3987012937298],[12.70008777013453,54.39848329446852],[12.688406841202834,54.36813465938707],[12.676439895484862,54.37057865967745],[12.693484911699386,54.386081200986666],[12.685111923076818,54.39652515471215],[12.714610036923716,54.40396850064582],[12.668525237349854,54.408133446301576],[12.667457392244899,54.40441610761735],[12.658492654212694,54.40305860527047],[12.671370198575858,54.39094565641699],[12.596852751553286,54.3718118046711],[12.594571142744087,54.35812238474034],[12.553757069133496,54.37958553904144],[12.534333524172837,54.36517559667652],[12.553294778031614,54.356141507424695],[12.535702203294079,54.33842926439911],[12.47309115153547,54.329609792957626],[12.478728043664319,54.30392873732143],[12.42937122989838,54.29356120888275],[12.436138349505256,54.37908880570387],[12.592285113767048,54.383636902121395],[12.577890985980275,54.40432898399547],[12.617513313088978,54.40725289940184],[12.638081608679329,54.425512405972825],[12.666362236528016,54.408646869257666],[12.668039957777864,54.41013797039108],[12.667525902598356,54.41856948329507],[12.669319030249085,54.42143967050447],[12.693160014523073,54.432254058577996],[12.721032708093048,54.4323745965105],[12.740471645849823,54.41511153696791],[12.801847089371734,54.40869883478348],[12.926951675779264,54.42796397405823],[12.915394374850564,54.4388291873172],[12.920989456598193,54.445094652496266],[12.560918152950421,54.454727258556204],[12.514359690347476,54.484348643375256],[12.340871764920053,54.300548072435674],[12.192888291661404,54.24099205453973],[12.127472193287133,54.186061049378],[12.093694653685361,54.185417191450256],[12.100993421009605,54.16928820758477],[12.086852018006255,54.18594029201091],[11.849773748359837,54.14500207058916],[11.682936883230639,54.1532711821194],[11.608383321233362,54.10703224504215],[11.552519675043015,54.09268650258008],[11.52509676750185,54.07092635526715],[11.531759689857836,54.04918266284966],[11.604809508951746,54.10283209362626],[11.626244382272489,54.09015710806415],[11.610400843224397,54.06814043453346],[11.582608513971763,54.06368863392339],[11.587090890632169,54.04698526835551],[11.568796975999703,54.030945930710175],[11.518527424101364,54.03028601808535],[11.534476289948884,54.02048289337091],[11.490512882263772,53.99378729005144],[11.493927840997117,53.970841957690254],[11.47280244058021,53.97082841479954],[11.481989307560525,53.928292840941936],[11.444659176080165,53.9148984948697],[11.463495563569438,53.9024036561039],[11.452965579797706,53.894822219270054],[11.403606830690705,53.92149321264168],[11.406836555162954,53.93520241585884],[11.36503822303564,53.93513886256852],[11.334459458637127,53.95897482053158],[11.288720973594081,53.931571073945975],[11.253911320750888,53.937149084762495],[11.241481071294459,53.95414506454313],[11.25972180721567,53.98353747477472],[11.207202651581156,53.98837536603037],[11.179984660863454,54.01516631277519],[11.042239285614585,54.006639716349866],[10.898693904600066,53.95665538983445],[10.88276784376103,53.95879206210401],[10.8706034491899,53.990752552988],[10.799553635991572,53.992557076847675],[10.760186530184285,54.02460718607284],[10.75617443060554,54.05544308912732],[10.802784657286168,54.091096509296506],[10.877515195969579,54.088017816968716],[10.95509833112311,54.14108373972289],[11.09341311572274,54.19866713068359],[11.07191809484425,54.34224630552262],[11.125609497880077,54.373613504659545],[11.118558230278154,54.39442093987452],[11.023741258152597,54.36771167495391],[11.022070527333028,54.38044956269721],[10.93120524192841,54.381939968654706],[10.789502880253792,54.31213340882982],[10.706974464899702,54.30503645926524],[10.599607976127231,54.36373130435629],[10.321948337845583,54.43574765223241],[10.226061066365162,54.413905588372245],[10.174162085012256,54.34574538594086],[10.152083021913995,54.363326519503346],[10.192261717304461,54.39021223051009],[10.168851706141368,54.43413127823595],[10.199382745317507,54.45556154343052],[10.134027446509492,54.48433790277204],[9.85537006887364,54.456283168433515],[9.984867681598303,54.512480240970376],[10.027329336579669,54.55311722278168],[10.036023455118425,54.68841701763131],[9.988994156954845,54.71831522276938],[9.957233880339345,54.77985581059721],[9.909510390991784,54.79991988959131],[9.905374299184587,54.763342887264514],[9.845578708190885,54.75603640555573],[9.746717701560726,54.824125450928875],[9.604633056970044,54.854593805559716],[9.628016844801607,54.87974825777593],[9.591910925348998,54.886970216702196],[9.463040675187074,54.831644124077116],[9.382680669177603,54.83920145098625],[9.343610061754987,54.80024799285064],[9.250081139133329,54.8097152792368],[9.240138463919038,54.84998379441663],[9.143330469225816,54.87302263738485],[9.048239956608768,54.87187655306053],[8.94793864795031,54.90256336560691],[8.727995925671507,54.89270671324425],[8.638003412527496,54.911251855288924],[8.635144636815596,54.89415174031063],[8.610285661354226,54.888390520506164],[8.42740949814987,54.877399149451264],[8.366894681544352,54.90317228307447],[8.352821841055174,54.96785703207644],[8.379902261580185,54.99677609943751],[8.440028993743113,55.015870222732644],[8.427298179167678,55.03089066087534],[8.436685969082248,55.03748527162804],[8.436703586801116,55.03940880097542],[8.40053982385382,55.03481393351626],[8.396235405939308,55.04615465701187],[8.46419569987171,55.04571479500186],[8.415419699759411,55.05866217082257],[8.390665171560443,55.047024631481634],[8.297902985734254,54.91065659132869],[8.278555583673324,54.752208180463185],[8.297863340920514,54.74016580141068],[8.296057254938432,54.84239476011015],[8.340561373708454,54.88057457195896],[8.414381016970424,54.84724070929133],[8.510181788059128,54.88139503785078],[8.61261435866578,54.87846776077862],[8.607761589026154,54.84105469471842],[8.701673877347616,54.773688290582186],[8.715450891245666,54.737715953728355],[8.686209753277524,54.73034082227116],[8.741094062041384,54.716367683322005],[8.752831639268777,54.68125403624481],[8.83194665891125,54.65259106252756],[8.846530609300203,54.625463593969755],[8.892967769546999,54.59677687545252],[8.868609355837123,54.56180937630171],[8.871453104777004,54.52829301780861],[8.806437030244808,54.498341544027085],[8.819246764826403,54.48651580446085],[8.807015453500412,54.47015896026784],[8.89339938027723,54.460575589391965],[8.948146275330373,54.500062396762246],[8.945454493829857,54.51242554510287],[8.983598917356176,54.52404630129581],[9.015607438332665,54.484314642706636],[9.003379979702345,54.47924209944341],[9.018963414130326,54.4747456609835],[8.871238878171766,54.40480711665515],[8.660693777196116,54.39516479791712],[8.649061676954886,54.37975399285256],[8.691042180252452,54.373076222689576],[8.691490279153129,54.35562992088421],[8.603160183495731,54.34073299653062],[8.6025729405888,54.31421651837769],[8.674358497246885,54.278759806020275],[8.741009540158188,54.29356412628346],[8.841787401367526,54.278455117509736],[8.839978681271191,54.23288205556247],[8.80886763603263,54.17103733680369],[8.857865500692355,54.11919257827492],[8.925278417764844,54.132477466062255],[8.9766148740772,54.071228385381744],[8.958660342001224,54.063393008780395],[8.985125080358216,54.060986664003394],[8.958582680146606,54.03400004906308],[8.881443237215649,54.04605222443064],[8.804773173842932,54.023438800360395],[8.832591823553855,54.02392940931486],[8.878041782702155,53.983625295371155],[8.914904897143344,53.92489909541695],[9.022420176949652,53.87951753780419],[9.233921748290072,53.87742796213081],[9.275123379340528,53.857269302336476],[9.101771149918704,53.86348063642231],[9.018512745866587,53.834841225841956],[8.823256365189138,53.83111876372004],[8.728850340970496,53.85670044157217],[8.686460991481624,53.892088734407594],[8.61491387027894,53.88211822337735],[8.566060344109644,53.84595761255383],[8.483191313228588,53.694068058094444],[8.483953342972427,53.655912766261224],[8.52041036314779,53.60620487965156],[8.483202469318542,53.60049898703869],[8.556376714114094,53.53492211056698],[8.556142860704483,53.526062883695204],[8.518195474141862,53.55813924323155],[8.462555007307799,53.55279288428426],[8.384470609830828,53.573906334509786],[8.333891689350025,53.612934886036214],[8.28300703264847,53.61001675866652],[8.242972665855916,53.5823979239251],[8.226915998274762,53.52008371229357],[8.309414834027393,53.52282044640651],[8.315820116805014,53.461673297584696],[8.28046855048325,53.413373548750315],[8.249573034967625,53.398362336752484],[8.202859222575114,53.40339852312337],[8.152210775506944,53.447976612930404],[8.098998752490502,53.44567684231248],[8.071310815641652,53.46743230775485],[8.062340649301575,53.50566758888817],[8.15433015201495,53.51355472057395],[8.170974825128098,53.54047017575806],[8.142359620700006,53.57966837989187],[8.155599196146056,53.58575279895257],[8.148863793829094,53.601832306615734],[8.12334605867369,53.598608917867296],[8.08667066511913,53.64363812829703],[8.044694083765023,53.64140846073195],[8.022061846776865,53.68290550468532],[8.032130327252844,53.70527752643676],[8.00872870406647,53.71213492358788],[7.7038387678449,53.70351795429019],[7.527114210252648,53.671499795279374],[7.296326719002934,53.680098653130415],[7.156217074658343,53.63017230410861],[7.090335704828988,53.579652246054366],[7.129998987962949,53.532359981627906],[7.085946355839724,53.52142583443475],[7.034145450951826,53.545670230296935],[7.048688447114216,53.50807189130478],[7.024107546526125,53.4823714507819],[6.997958942351374,53.37136721602428],[7.012918474807805,53.34466909190513],[7.265760915633791,53.32719714862958],[7.191115728008469,53.31760156675898],[7.216926627761723,53.214464603059014],[7.207959575773828,53.18848438074963],[7.227095145224837,53.18048924498271],[7.203742651102516,53.17649963654907],[7.178938346327698,53.13814258361339],[7.202794359172401,53.11328165032796],[7.217281326671923,53.00698383493608],[7.181569823788379,52.94130385029251],[7.087323855511556,52.84992858723456],[7.055577137075261,52.64336989040817],[7.041866612754006,52.63268050270307],[6.873112272513424,52.65311665730792],[6.75264448085818,52.64813255966993],[6.71008644373444,52.627318697899625],[6.727139787671092,52.6150511151169],[6.71871299980512,52.58868427785717],[6.766621548046032,52.561512582439775],[6.680868309524897,52.553336398755846],[6.705367224318024,52.52026431884332],[6.697720002975814,52.48634521336095],[6.753103465152833,52.46379697395122],[6.854307604112705,52.459598745285916],[6.94168381495615,52.4354896326405],[6.991802701633446,52.467452567881764],[7.010888672574254,52.4290730669685],[7.058798136324981,52.399331584884806],[7.07219156778666,52.373412438233515],[7.026305100200261,52.28744412504636],[7.065868436279345,52.24125898091728],[6.985109799477698,52.22528623267357],[6.95131587782555,52.18100676544992],[6.90680215609467,52.175176086507236],[6.855393156868729,52.12043428791213],[6.760630182736804,52.11872301655404],[6.747883710065196,52.08201434808376],[6.694652945177324,52.06980283263465],[6.687725946795069,52.03989916681314],[6.752642021212353,52.02864713175978],[6.830419114950246,51.98620651731699],[6.828513097201721,51.96406670861177],[6.798644224351506,51.95881773095357],[6.788894812545607,51.929650445311836],[6.732607205258375,51.898707142520664],[6.684230647126697,51.91761756310012],[6.472575541727906,51.85380845429677],[6.390815829087273,51.8739338445713],[6.409190007313043,51.85233189610017],[6.401752481791675,51.82729228551062],[6.346811817011769,51.85064718531942],[6.306560847605056,51.849215439441025],[6.279517511523977,51.87408435241099],[6.215439030586822,51.86779596980824],[6.169563978994461,51.901340978903136],[6.11804667081725,51.901669637044165],[6.103341257093405,51.89261697409415],[6.137377108067142,51.885585137244334],[6.166815205657258,51.86096974225984],[6.166407642798504,51.840834718447525],[6.06338248461401,51.86544393508956],[6.035009644779336,51.84286523204486],[5.945029570158567,51.82365634356546],[5.990531850964203,51.78318768156629],[5.990529296889576,51.7662448328328],[5.952021666866472,51.74909911952881],[5.955123398026444,51.73806526180243],[6.029083902999787,51.72567917805168],[6.044985344897782,51.71697953048101],[6.02639564684165,51.70927807192555],[6.030722588276888,51.67711324338154],[6.118240238196506,51.65608621890391],[6.091235346334201,51.60590931066622],[6.212084663676308,51.513378407087885],[6.223171521148856,51.468932038283015],[6.205219800353575,51.39951830682446],[6.226378865991933,51.399656935519204],[6.214416332347923,51.389629404773245],[6.226129918361096,51.36051764687198],[6.168622607347515,51.33294924790954],[6.124480766973875,51.27458489107994],[6.072656924877208,51.24258730406086],[6.085775800512806,51.222605450980836],[6.06797419994939,51.22051409285115],[6.08230625203197,51.17163842447377],[6.165018325135634,51.194360643129244],[6.18069893400866,51.18642547145839],[6.138811263229286,51.17333312492383],[6.175415266801167,51.15847977362273],[6.091868347646198,51.13497396757458],[5.997787242187542,51.08425931331669],[5.957887700856759,51.03470998347899],[5.938114702731411,51.03514072276619],[5.913170486828562,51.06673113633292],[5.867096631104687,51.04667907857669],[5.905518056613062,51.00215967762705],[5.89719810550821,50.97484539559861],[6.026435004771713,50.983274045061194],[6.005263991639936,50.9568363780964],[6.018160184345106,50.93443677054057],[6.093924751825909,50.921325464498636],[6.075313039265382,50.89340044927138],[6.088189821902802,50.872433814269186],[6.073980155859545,50.84678025990115],[6.054839995369548,50.8573535010633],[6.018875020365954,50.8462744281224],[6.025050640574648,50.81416449869272],[5.974861423316099,50.79797295258976],[6.027798681863715,50.7737336010249],[6.018323664005948,50.76317216346462],[6.040480906069035,50.74551257574484],[6.039029648499536,50.71837811136078],[6.115293947657619,50.722114022843925],[6.165281061172095,50.66278981599726],[6.188022600862382,50.66514531580373],[6.19553859313163,50.66293110488664],[6.187662378316134,50.64111011034339],[6.231505207599298,50.64998255275265],[6.266895404299532,50.64152787241346],[6.273982672662271,50.62820559351337],[6.23676062350404,50.56625280682164],[6.196995433692337,50.531031950664044],[6.207160031910007,50.52427283142606],[6.226631720277737,50.49436866288352],[6.269941265976684,50.50451177090156],[6.351259021186934,50.48826779162533],[6.340231706028476,50.46259127936412],[6.371823937125043,50.45558235454206],[6.377623397002196,50.43938897382213],[6.342218727512318,50.380005526833656],[6.407870066950068,50.33513396126335],[6.363317312843776,50.30542903662081],[6.306466407998357,50.32014487708449],[6.27794272397756,50.26643072749613],[6.175687402551659,50.235415978964284],[6.166408195881559,50.2200404381158],[6.188914088014826,50.205279966996954],[6.192752034778607,50.181874009977605],[6.139793750081537,50.169267898095086],[6.147522900561455,50.16063037479199],[6.132113475056883,50.15355316624567],[6.154657554202799,50.14189971969637],[6.129602540025246,50.121580601963274],[6.13298062655474,50.09323611145743],[6.116140602706707,50.074333006862844],[6.129285904021287,50.0735494815234],[6.112562492565019,50.05922877348917],[6.14588352460504,50.02273204824547],[6.129768553076303,50.018795873031195],[6.149644162048503,50.00888242758202],[6.138016081776811,49.99822197646307],[6.172373130115886,49.98480145742138],[6.177785500200741,49.95403490288851],[6.190993857480578,49.96875737765089],[6.197562130687857,49.94840531685196],[6.223907288890302,49.94993944065271],[6.217967265876666,49.92353663950439],[6.233642734224873,49.90037640964363],[6.311000734896027,49.869944502736644],[6.322636569122437,49.838032009569645],[6.364172103160058,49.85076736212409],[6.4291402168476,49.810859047906774],[6.470853873307647,49.82256209296628],[6.511375082693974,49.80179215858129],[6.529314320899232,49.8093868550194],[6.506034241087377,49.79013302741731],[6.518620190169713,49.76244970948653],[6.500498571252137,49.752139085650356],[6.517162917934343,49.723595186668604],[6.495976813279356,49.7259557622487],[6.507018526583806,49.7126402741294],[6.429960405748147,49.66885701593861],[6.440802901232928,49.65592025931255],[6.421434455935469,49.620048622246145],[6.374925348126339,49.59189399211408],[6.380962498820338,49.57717620731614],[6.357852033844324,49.573820737836854],[6.38233108800938,49.55693338266951],[6.356994235295758,49.53129416439424],[6.367083526083889,49.46951204834244],[6.429131060849841,49.47624050789318],[6.550815842976817,49.425379524945185],[6.540819183258748,49.401250727938816],[6.602158867937476,49.36710876235952],[6.565663991699921,49.3476517023642],[6.615105683480579,49.301349493484395],[6.670166014749839,49.28025366547433],[6.661415407994753,49.258075181424545],[6.689998942797047,49.24955550168511],[6.695824978539974,49.21527431205993],[6.723465468956249,49.218829234981285],[6.731444702910778,49.20595673131817],[6.711208356080817,49.18834183630673],[6.738600535586272,49.16367513140227],[6.782724081051526,49.1681588714348],[6.834056610923881,49.15108044540631],[6.861767510162508,49.1788393216774],[6.837990974004299,49.213494759675484],[6.938108243600595,49.222433998330416],[6.959603754609645,49.203090164779326],[7.035012738247303,49.19141608958091],[7.027733018563993,49.170133227766314],[7.052445915346766,49.11275784459889],[7.089395859331489,49.13018463111587],[7.082181496978535,49.15206400065318],[7.101068795988169,49.15599779985865],[7.113235132195655,49.151962456402316],[7.104057405924607,49.13838993035108],[7.125784821512354,49.141895500277144],[7.156716979005409,49.12101871474192],[7.185470340883569,49.13123599164777],[7.198041276683625,49.11516664092778],[7.245054158622565,49.13011074371593],[7.293176904690426,49.11490732950972],[7.321358333720184,49.14138779341198],[7.362726494931849,49.143148341322956],[7.3651425595815,49.17183631889105],[7.445646679250899,49.18415102974626],[7.434461107694005,49.16476775372888],[7.493984310227802,49.16936408438505],[7.505979072875959,49.150515444532175],[7.489565926626256,49.13647444274142],[7.528677760770108,49.09709186589697],[7.629311381515095,49.073550783042265],[7.631201346365117,49.05488570651022],[7.761087505783792,49.045515245632146],[7.794402497077613,49.0656856712568],[7.866825986030506,49.03291668355814],[7.935648092185772,49.05765511659041],[7.97478894115676,49.02679953726886],[8.048975953877232,49.01429247581717],[8.087683835040991,48.98982019894311],[8.232632820348442,48.9665714470147],[8.196392616825847,48.956501104042786],[8.146550011773684,48.90229093877588],[8.087040460049252,48.80203358268375],[8.030278976593536,48.78737295879506],[8.014333370788506,48.761019617661304],[7.972005719288575,48.75812243460274],[7.963298357333372,48.72152631628654],[7.839740454658283,48.64127586299071],[7.800291523135343,48.584038063505886],[7.803943708635302,48.5112162953958],[7.768200957907936,48.4896625317005],[7.73315324012998,48.39720350733603],[7.744638258948555,48.32781093512659],[7.693568868008924,48.30172306306895],[7.665698788768111,48.22047802703935],[7.577585310114046,48.12065583849619],[7.568529047177833,48.03518422896906],[7.621952269681572,47.97280642807425],[7.55630975888829,47.877526902244824],[7.562921403699875,47.842692370556506],[7.529846167166909,47.78125824627108],[7.547602744970732,47.72981945250581],[7.511871830220855,47.696037521514484],[7.521079275488205,47.66384789056775],[7.567361073354903,47.63174089472659],[7.604484107155884,47.57779110477571],[7.693596586013655,47.60053085751309],[7.671741322803825,47.587359458772085],[7.689521708360189,47.57148480497983],[7.685943342811072,47.56563496508164],[7.63409700597208,47.56111372152111],[7.667618493298903,47.536221133898266],[7.788856366328275,47.554847196940614],[7.823085302644643,47.588012327906654],[7.891352031571046,47.587638147882274],[7.911458508203623,47.55130036252177],[7.943210744880048,47.543818822380786],[7.959083402177328,47.55826426458418],[8.089661993706102,47.55775895261365],[8.109483932037904,47.582259428629754],[8.204054413480435,47.62089167950745],[8.226647285343972,47.60506823401187],[8.287721869668587,47.61063841173336],[8.323771406125559,47.57294910181963],[8.382969503739673,47.56581234106676],[8.494547109361633,47.58120113612358],[8.46693768422682,47.58420264593542],[8.456599807335294,47.60234628475331],[8.508251648694682,47.61750737596469],[8.517746403973433,47.63431415187665],[8.558003980699198,47.62431416106972],[8.574447500651672,47.61188120465391],[8.562786832546351,47.59960654960264],[8.582542232737921,47.59610411291453],[8.604797155564313,47.61326084381295],[8.595741548233889,47.643132864290294],[8.62880380665041,47.6496537270379],[8.60662329822668,47.67212011105431],[8.533353656046415,47.66319424351957],[8.531526838892546,47.6457886405334],[8.473737107481554,47.649824504697165],[8.473494938041028,47.63830648525612],[8.465430085929768,47.65713051785917],[8.405559327800802,47.67451554525627],[8.420641546670083,47.683855452567116],[8.404425784522402,47.6980632588124],[8.454988425475506,47.72225870997153],[8.449826238690036,47.73863203064377],[8.473712822189043,47.76451491483152],[8.577304001078858,47.781706260635474],[8.561915749212517,47.79274682730431],[8.56785207691189,47.80848124891054],[8.61858350262662,47.79833435744467],[8.627679191841253,47.75925902498409],[8.652971558690524,47.773433796432585],[8.656975076938295,47.800347104934986],[8.680894191613675,47.78667045177997],[8.689439156691776,47.75786296690245],[8.727146060042685,47.762277471728],[8.741420435904445,47.74820233437026],[8.71125662049667,47.73007147132142],[8.736294011559437,47.716150939114584],[8.727981485257374,47.692680573549694],[8.795947417039713,47.675302070734006],[8.81007841398764,47.69332049694344],[8.769350110519213,47.706875955660905],[8.769908575120667,47.71844854236639],[8.80644066260652,47.73826225100214],[8.818828357942436,47.712862625609716],[8.872719752214834,47.70416469484485],[8.851541737860941,47.69752178510237],[8.850583166679826,47.681163026252705],[8.893659067611907,47.6521787220704],[8.998628891909902,47.68725699701287],[8.99915363733055,47.7033620984821],[8.939828360290619,47.72806475648338],[8.960688285336175,47.7371702456104],[9.014928057184136,47.71997296607958],[8.989864116335923,47.743465936104144],[9.10788761721983,47.69097369178252],[9.040724439181588,47.708340209333244],[9.053825720480688,47.689684880552875],[9.113125776033769,47.6850186599832],[9.175793332196577,47.65393786344168],[9.178425585772231,47.66699277030017],[9.21772790891589,47.66612201881617],[9.179606443282808,47.7051509300714],[9.173324995352289,47.734411358497425],[9.069701537995627,47.77763855597465],[9.030987172719904,47.80470176707297],[9.03953653098614,47.81748197511314],[9.223718850644502,47.74091828265267],[9.23859968612669,47.71064955143572],[9.311483988595228,47.673829552292034],[9.495284089189397,47.650131271541],[9.550341432910841,47.58767536812377],[9.596773719731402,47.5879184117054],[9.609486635100154,47.57152486438105],[9.67950713374728,47.55680023754098],[9.680775632889208,47.542264915293686],[9.712217411004758,47.55077934479101],[9.73598573185609,47.534349568278],[9.765470283926504,47.588856111420455],[9.80050512701007,47.59598448329734],[9.827199688015241,47.579982436040666],[9.815676108965306,47.54760915094164],[9.873978008778124,47.52871985363839],[9.880978140029185,47.54805756550428],[9.921551235800962,47.529671821997056],[9.97089855812203,47.54568043790192],[9.96520363274152,47.52116206807506],[9.99569695435099,47.50293005377904],[9.995348118121228,47.48631524805029],[10.044684743905862,47.48761173949026],[10.070354467184984,47.456000414887285],[10.091470374358323,47.45907615923744],[10.105422740766926,47.42874014793955],[10.06915766829178,47.40984973637626],[10.09978048058474,47.35473600336394],[10.119265686662175,47.375702616782405],[10.165863957755505,47.36879474338275],[10.181712555490094,47.392282840880455],[10.23619637995904,47.381860769459024],[10.199483048503907,47.32659900444054],[10.21587617314691,47.310958403707446],[10.172036399760088,47.27904122237459],[10.232299537493702,47.27047759546474],[10.330030628710574,47.30471226585843],[10.394861834106393,47.375728680933946],[10.436472139577631,47.38064780435275],[10.436173529584778,47.41098241810414],[10.475930146159385,47.43214950929246],[10.468022327368544,47.476918470311205],[10.43132351187063,47.50367761792779],[10.454459535579133,47.55573834324997]]]}},{"type":"Feature","id":"10402087B60055985875400","properties":{"admin_level":"4","name":"Baden-W\u00fcrttemberg","source":"geoBoundaries / BKG"},"geometry":{"type":"MultiLineString","coordinates":[[[9.125932381000041,47.668641198000046],[9.120986455000036,47.675753575000044],[9.12067641300007,47.672312943000065],[9.125932381000041,47.668641198000046]],[[9.198598810000021,47.70243151000005],[9.195342786000026,47.70827957800003],[9.187810585000022,47.70558262600008],[9.198598810000021,47.70243151000005]],[[8.701282288000073,47.71522423400006],[8.664634630000023,47.713427746000036],[8.676489971000024,47.697942984000065],[8.659509231000072,47.68942326200005],[8.717719626000076,47.69074226500004],[8.701282288000073,47.71522423400006]],[[8.680067486000041,49.61866510300007],[8.68405272700005,49.620222967000075],[8.680116544000043,49.62028571500008],[8.680067486000041,49.61866510300007]],[[9.550341433000028,47.58767536800008],[9.64328483600002,47.589759738000055],[9.635966981000024,47.60245548600005],[9.657709588000046,47.61172525000006],[9.706293734000042,47.60181221100004],[9.745651920000057,47.61729698600004],[9.74771849900003,47.60368831100004],[9.842190840000058,47.677691836000065],[9.959522463000042,47.65230409900005],[10.028645217000076,47.686983018000035],[10.030491263000044,47.67445209700003],[10.059312463000026,47.68062877800003],[10.075161682000044,47.65833451100008],[10.072017981000045,47.64344114800008],[10.077292399000044,47.63927426300006],[10.089245367000046,47.67304513700003],[10.130059543000073,47.67727125700003],[10.139437678000036,47.703273409000076],[10.116428889000076,47.719316727000034],[10.11904949500007,47.759586711000054],[10.064681025000027,47.78588771900007],[10.138022984000031,47.809637645000066],[10.10715465800007,47.85289545900008],[10.091604866000068,47.84562138200005],[10.104617333000022,47.86462420600003],[10.082961688000069,47.85571778100007],[10.076755534000029,47.86780935100006],[10.105704629000059,47.879026536000026],[10.095332148000068,47.88515881100005],[10.111010296000075,47.934879085000034],[10.084893700000066,47.96130765500004],[10.114954569000076,47.97625743700007],[10.134326495000039,48.01759961500005],[10.140392398000074,48.09891655900003],[10.107074311000076,48.13214418500007],[10.060721236000063,48.24009045500003],[10.065816520000055,48.28181712300005],[9.998131809000029,48.34751287900008],[9.999597425000047,48.36322931300003],[9.967275615000062,48.37440435700006],[10.042414153000038,48.429732038000054],[10.028050577000045,48.43691872800008],[10.03402668800004,48.45778054800007],[10.105026946000066,48.477504356000054],[10.133895409000047,48.45487141700005],[10.171846421000055,48.457786948000034],[10.180098201000021,48.47552447800007],[10.24140630100004,48.49195965300004],[10.230779588000075,48.51051118300006],[10.31202316200006,48.52294378300007],[10.300846790000037,48.54507121100005],[10.31300460600005,48.56712277100007],[10.293114313000046,48.58976552100006],[10.323094952000076,48.609132705000036],[10.259529865000047,48.65489233800008],[10.268706813000051,48.70354711900006],[10.317503170000066,48.68293376500003],[10.337429497000073,48.689021808000064],[10.361128680000036,48.65282684300007],[10.408871360000035,48.69879250400004],[10.437393747000044,48.693101881000075],[10.410638818000052,48.66103394800007],[10.495748779000053,48.68843426700005],[10.471509766000054,48.70281000400007],[10.483382300000073,48.70806417400007],[10.455739515000062,48.72904581000006],[10.464281234000055,48.735137085000076],[10.447883535000074,48.72804419700003],[10.416176716000052,48.74810596900005],[10.428186612000047,48.75588430500005],[10.413101313000027,48.77208798400005],[10.43426596300003,48.77623032900004],[10.421083753000062,48.79941156900003],[10.448624089000077,48.81196778100008],[10.449102463000031,48.83032302500004],[10.427415498000073,48.842988999000056],[10.454106806000027,48.86030058700004],[10.450215787000047,48.893089461000045],[10.421320368000067,48.90576289000006],[10.457000572000027,48.91714142600006],[10.437809328000071,48.93315104100003],[10.451372669000023,48.93866072700007],[10.403681380000023,48.96679025700007],[10.401254133000066,48.98620172300008],[10.352157951000038,49.00600205200004],[10.350256584000022,49.02842207200007],[10.251863839000066,49.039161196000066],[10.264630448000048,49.06136454500006],[10.234169895000036,49.07636232200008],[10.250596710000025,49.09281512500007],[10.204997649000063,49.09811900300008],[10.256947320000052,49.12905042800003],[10.248022910000032,49.14928110900007],[10.218379110000058,49.163489850000076],[10.196814396000036,49.15576223700003],[10.181182663000072,49.18240669100004],[10.12489927300004,49.199736861000076],[10.140135950000058,49.20888974300004],[10.119829082000024,49.247357976000046],[10.133209341000054,49.253105435000066],[10.109875037000052,49.25829803200003],[10.15662029400005,49.28075891000003],[10.13229898800006,49.300318839000056],[10.14010171700005,49.32557627300008],[10.104846911000038,49.338411507000046],[10.124555669000074,49.35613756300006],[10.107318285000076,49.378784909000046],[10.161698240000021,49.39549398200006],[10.138638067000045,49.403095723000035],[10.151680498000076,49.41229446400007],[10.133705133000035,49.43714686000004],[10.094741444000022,49.44789857000006],[10.122251832000075,49.46390784100004],[10.099991355000043,49.491727680000054],[10.121323095000037,49.51104620600006],[10.084146565000026,49.51175886600004],[10.085519872000077,49.54221400400007],[10.06142750600003,49.545138456000075],[10.040019271000062,49.52901043500003],[10.056145911000044,49.51494530800005],[10.020260417000031,49.48664904700007],[9.926561180000022,49.484835462000035],[9.913740586000074,49.49325299100008],[9.924984524000024,49.56006406100005],[9.89798994900002,49.56407002000003],[9.912438200000054,49.585908403000076],[9.875725006000039,49.57863147200004],[9.85930991400005,49.54604448600003],[9.810230151000042,49.557316023000055],[9.87280826400007,49.61007617200005],[9.855481315000077,49.641514666000035],[9.830060281000044,49.651742770000055],[9.823416618000067,49.67317337500003],[9.841172423000046,49.68341738300006],[9.799993758000028,49.730943240000045],[9.752953959000024,49.710121842000035],[9.739419988000066,49.68819070300003],[9.709719303000043,49.72705805800007],[9.677193873000022,49.71620121400008],[9.676147908000075,49.693347266000046],[9.632460374000061,49.69318610100004],[9.641101794000065,49.72317627600006],[9.627715246000037,49.73196330900004],[9.646936205000031,49.73914526500005],[9.648736203000055,49.79147765100004],[9.561809836000066,49.78061678300003],[9.563380497000026,49.744568386000026],[9.546462237000071,49.76642600300005],[9.514512299000046,49.763786795000044],[9.501460487000031,49.78877466100005],[9.458256575000064,49.76951971500006],[9.425106761000052,49.78955372300004],[9.391546883000046,49.77012060700008],[9.318028174000062,49.76885602700003],[9.323124376000067,49.74379727100006],[9.296297096000046,49.73891796000004],[9.374211198000069,49.728002031000074],[9.344030942000074,49.718613970000035],[9.357409236000024,49.70428829400004],[9.382528566000076,49.70746288000004],[9.385645192000027,49.730914546000065],[9.41868082700006,49.711898302000066],[9.420088259000067,49.69019189200003],[9.397891490000063,49.67066072800003],[9.419495463000032,49.658853554000075],[9.406000422000034,49.64531278700008],[9.30408305800006,49.65494425400004],[9.270722601000045,49.634018567000055],[9.285023051000053,49.614801330000034],[9.24894015600006,49.58451840600003],[9.108265919000075,49.57930243700008],[9.098930719000066,49.56055390700004],[9.073074327000029,49.57494100200006],[9.084390615000075,49.543023954000034],[9.126413832000026,49.51694579700006],[9.106127381000022,49.509796066000035],[9.09955422400003,49.52618935300006],[9.064950779000071,49.529606011000055],[9.040756948000023,49.499069415000065],[8.951832484000022,49.50562623500008],[8.954639722000024,49.482009230000074],[8.931879784000046,49.47063680900004],[8.950348720000022,49.454992884000035],[8.900948949000053,49.44336867200008],[8.892389344000037,49.420907380000074],[8.850273248000065,49.395396721000054],[8.803540603000044,49.40357037800004],[8.806587634000039,49.419200826000065],[8.836452906000034,49.43021830300006],[8.823524968000072,49.46267839800004],[8.851932272000056,49.483588215000054],[8.876495013000067,49.46668603400008],[8.89957270800005,49.50365573200003],[8.83385525500006,49.49068327100008],[8.81696286500005,49.505793062000066],[8.82187400500004,49.524636471000065],[8.79859060800004,49.511688752000055],[8.727711250000027,49.51833855000007],[8.735949885000025,49.524845990000074],[8.702650222000045,49.53532790000003],[8.680989341000043,49.57554792900004],[8.69799751100004,49.59975733500005],[8.672139781000055,49.61119410500004],[8.686368561000052,49.60848043500005],[8.692313575000071,49.62373885900007],[8.677933668000037,49.62594697600008],[8.593888979000042,49.61094664800004],[8.621299696000051,49.54500989100006],[8.581374874000062,49.51978041800004],[8.552579373000071,49.52052035000003],[8.46428465300005,49.58952836800006],[8.422439263000058,49.583385415000066],[8.41472533700005,49.553896792000046],[8.463795388000051,49.47040266000005],[8.442690860000027,49.45023919100004],[8.508242487000075,49.43449342100007],[8.496188845000063,49.40213636000004],[8.463528358000076,49.38442891700004],[8.473231192000071,49.37336427300005],[8.500397519000046,49.38901364900005],[8.496811192000052,49.36418049700006],[8.450484521000021,49.32314148200004],[8.489068840000073,49.29312437200008],[8.390815976000056,49.23609487400006],[8.384803778000048,49.21962764400007],[8.405251528000065,49.220560782000064],[8.368431128000054,49.168052405000026],[8.358091294000076,49.09778419500003],[8.311686690000045,49.05430717400003],[8.28759666700006,48.99842746200005],[8.196392617000072,48.95650110400004],[8.087040460000026,48.80203358300008],[8.030278977000023,48.78737295900004],[8.01433337100002,48.761019618000034],[7.972005719000038,48.758122435000075],[7.963298357000042,48.72152631700004],[7.839740455000026,48.64127586300003],[7.804823882000051,48.59257971900007],[7.803943709000066,48.51121629600004],[7.768200958000023,48.48966253200007],[7.733153240000036,48.397203508000075],[7.744638259000055,48.32781093500006],[7.693568868000057,48.301723063000054],[7.665698789000032,48.22047802700007],[7.576981640000042,48.119056389000036],[7.568529047000027,48.03518422900004],[7.621952270000065,47.97280642800007],[7.556309759000044,47.877526903000046],[7.562921404000065,47.842692371000055],[7.529846167000073,47.78125824700004],[7.547602745000063,47.72981945300006],[7.511871830000075,47.69603752200004],[7.521079276000023,47.663847891000046],[7.567361073000029,47.631740895000064],[7.604484107000076,47.577791105000074],[7.693596586000069,47.60053085800007],[7.671741323000049,47.58735945900003],[7.689521708000029,47.57148480500007],[7.685943343000076,47.56563496500007],[7.634097006000047,47.56111372200007],[7.680172017000075,47.532665423000026],[7.795547008000028,47.55744060600006],[7.823085303000028,47.58801232800005],[7.891352032000043,47.58763814800005],[7.911458508000067,47.55130036300005],[7.943210745000044,47.54381882300004],[7.959083402000033,47.55826426500005],[8.08966199400004,47.557758953000075],[8.109483932000046,47.58225942900003],[8.20405441400004,47.62089168000006],[8.22664728500007,47.60506823400004],[8.287721870000041,47.61063841200007],[8.33082752200005,47.57072133400004],[8.433687448000057,47.56664774400008],[8.494547109000052,47.58120113600006],[8.466937684000072,47.58420264600005],[8.456599807000032,47.60234628500007],[8.508251649000044,47.61750737600005],[8.517746404000036,47.63431415200006],[8.55800398100007,47.62431416100003],[8.574447501000066,47.61188120500003],[8.562786833000075,47.59960655000003],[8.582542233000026,47.59610411300008],[8.604797156000075,47.61326084400008],[8.595741548000035,47.64313286500004],[8.628803807000054,47.64965372700004],[8.59803946900007,47.672806439000055],[8.533353656000031,47.66319424400007],[8.531526839000037,47.64578864100008],[8.473737108000023,47.649824505000026],[8.473494938000044,47.63830648600003],[8.465430086000026,47.65713051800003],[8.405559328000038,47.674515546000066],[8.42064154700006,47.683855453000035],[8.404425785000058,47.69806325900004],[8.454988426000057,47.72225871000006],[8.44982623900006,47.738632031000066],[8.473712822000039,47.76451491500006],[8.577304001000073,47.78170626100007],[8.561915749000036,47.79274682800008],[8.567852077000055,47.80848124900007],[8.618583503000025,47.798334358000034],[8.627679192000073,47.75925902500006],[8.652971559000036,47.77343379700005],[8.656975077000027,47.80034710500007],[8.68089419200004,47.78667045200007],[8.689439157000038,47.75786296700005],[8.727146060000052,47.76227747200005],[8.741420436000055,47.74820233500003],[8.711256621000075,47.73007147200008],[8.73629401200003,47.716150939000045],[8.727981485000043,47.692680574000065],[8.795947417000036,47.67530207100003],[8.810078414000031,47.69332049700006],[8.769350111000051,47.70687595600003],[8.769908575000045,47.71844854300008],[8.806440663000046,47.73826225100004],[8.818828358000076,47.71286262600006],[8.872719752000023,47.70416469500003],[8.851541738000037,47.69752178500005],[8.850583167000025,47.681163027000025],[8.893659068000034,47.65217872200003],[8.998628892000056,47.68725699700008],[8.999153637000063,47.70336209900006],[8.939828360000035,47.72806475700003],[8.96068828500006,47.73717024600006],[9.014928057000077,47.71997296600006],[8.989864116000035,47.743465936000064],[9.107887617000074,47.69097369200006],[9.04072443900003,47.708340210000074],[9.053825721000067,47.68968488100006],[9.11312577600006,47.685018660000026],[9.175793332000069,47.653937864000056],[9.17842558600006,47.666992771000025],[9.217727909000075,47.666122019000056],[9.179606443000068,47.70515093000006],[9.17332499500003,47.734411359000035],[9.06970153800006,47.777638556000056],[9.030987173000028,47.80470176700004],[9.039536531000067,47.81748197500008],[9.223718851000058,47.74091828300004],[9.238599686000043,47.71064955200006],[9.288606892000075,47.68322986000004],[9.349721644000056,47.66084038000008],[9.406281832000047,47.668253675000074],[9.495284089000052,47.65013127200007],[9.550341433000028,47.58767536800008]]]}},{"type":"Feature","id":"10402087B60477050509260","properties":{"admin_level":"4","name":"Bayern","source":"geoBoundaries / BKG"},"geometry":{"type":"MultiLineString","coordinates":[[[9.602077153000039,47.584337997000034],[9.679507134000062,47.55680023800005],[9.680775633000053,47.54226491600008],[9.71221741100004,47.55077934500008],[9.72984380400004,47.53372620400006],[9.777769965000061,47.59534039000005],[9.823746519000053,47.587183898000035],[9.815676109000037,47.547609151000074],[9.87397800900004,47.52871985400003],[9.880978140000025,47.54805756600007],[9.921551236000028,47.52967182200007],[9.970898558000044,47.54568043800003],[9.965203633000044,47.52116206800008],[9.995696954000039,47.502930054000046],[9.995348118000038,47.48631524800004],[10.044684744000051,47.487611740000034],[10.070354467000072,47.45600041500006],[10.091470374000039,47.45907616000005],[10.10542274100004,47.42874014800003],[10.06915766800006,47.40984973700006],[10.099780481000039,47.354736004000074],[10.119265687000052,47.37570261700006],[10.165863958000045,47.36879474400007],[10.181712556000036,47.39228284100005],[10.236196380000024,47.38186077000006],[10.199483049000037,47.32659900500005],[10.215876173000026,47.310958404000075],[10.17872638800003,47.29572663700003],[10.173979531000043,47.270265007000035],[10.232299538000063,47.270477596000035],[10.33003062900002,47.30471226600008],[10.39486183400004,47.375728681000055],[10.436472140000035,47.38064780500008],[10.436173530000076,47.41098241800006],[10.475930146000053,47.432149510000045],[10.468022327000028,47.47691847100003],[10.431323512000063,47.50367761800004],[10.454459536000059,47.555738344000076],[10.569414659000074,47.533577308000076],[10.597954197000035,47.56971524000005],[10.691187265000053,47.55844114100006],[10.694834381000021,47.544638132000046],[10.757582351000053,47.53472579800007],[10.777572470000052,47.51393853900004],[10.890209020000043,47.53720220100007],[10.91791481100006,47.51362991500008],[10.870477884000024,47.49936919100003],[10.870048944000075,47.48322013400008],[10.937054525000065,47.48146645800006],[10.928072665000059,47.47192523700005],[10.983600034000062,47.43001455700005],[10.970328786000039,47.40002058400006],[11.115455044000043,47.39559307500008],[11.129196926000077,47.41279839600003],[11.206910414000049,47.43380120900008],[11.253410755000061,47.42824380500008],[11.225001752000026,47.39527278300005],[11.272891854000022,47.39785257200003],[11.291059795000024,47.42717287800008],[11.338124368000024,47.44971730900005],[11.421453927000073,47.44471427000008],[11.409372653000048,47.466738932000055],[11.383809621000069,47.47220770000007],[11.437108055000067,47.51585355800006],[11.505598889000055,47.50473145400008],[11.572452231000057,47.514509771000064],[11.605554468000037,47.58080868400003],[11.633911714000021,47.58083171700008],[11.63713910000007,47.594259039000065],[11.843867748000036,47.58121483800005],[11.854913363000037,47.60233756400004],[12.008548722000057,47.62514902200007],[12.022278158000063,47.611135801000046],[12.20388194700007,47.60680973600006],[12.162598451000065,47.70112977800005],[12.203651084000057,47.70740327000004],[12.25697228100006,47.743007171000045],[12.26488637600005,47.732483063000075],[12.241167476000044,47.69410412500008],[12.25518949700006,47.67929499300004],[12.338045374000046,47.697087347000036],[12.363702107000051,47.683799570000076],[12.440126465000048,47.69517254800007],[12.440728358000058,47.673857130000044],[12.499216430000047,47.625017005000075],[12.575034111000036,47.63231955900005],[12.607415246000073,47.67371332500005],[12.69590828500003,47.68220500900003],[12.757193878000066,47.66301170400004],[12.781115045000035,47.67414135900003],[12.759012632000065,47.65090388900006],[12.82461371100004,47.61210408300008],[12.779230115000075,47.57933187000003],[12.79447934500007,47.55662972600004],[12.84756623900006,47.54603476300008],[12.90872405400006,47.49698922300007],[12.969434352000064,47.47418338400007],[12.977907428000037,47.484625977000064],[13.00624606100007,47.463989250000054],[13.04750486100005,47.492083027000035],[13.047331500000041,47.52137729300006],[13.031031507000023,47.53308656100006],[13.057295140000065,47.56210938700008],[13.043574404000026,47.58344655900004],[13.071881532000077,47.58837246200005],[13.062955511000041,47.602132855000036],[13.098660589000076,47.63540706500004],[13.080793954000058,47.68702414400008],[13.01750491200005,47.72288808300004],[12.973525842000072,47.70706584200008],[12.905046866000077,47.72364341900004],[12.944764888000066,47.76460280100008],[12.92822325700007,47.77125640400004],[13.00329458300007,47.85031169200005],[12.937822201000074,47.94366303000004],[12.87330302600003,47.96416467700004],[12.851375614000062,48.01483389300006],[12.759719210000071,48.075050393000026],[12.758258591000072,48.12632518800007],[12.786893602000077,48.12360995800003],[12.86864375700003,48.200846339000066],[12.957144345000074,48.20963503400003],[13.022392356000069,48.25797400700003],[13.17915929700007,48.29473832600007],[13.255192760000057,48.29338998000003],[13.32974884400005,48.32352787700006],[13.41760279500005,48.383841704000076],[13.439958168000032,48.43296739700003],[13.427425096000036,48.45809174500005],[13.45803967300003,48.51194432400007],[13.438054967000028,48.55774207200005],[13.47539216000007,48.556094958000074],[13.508992163000073,48.59060155200007],[13.56951685200005,48.56128062600004],[13.599471892000054,48.56936497400005],[13.72735945200003,48.51300820800003],[13.754124827000055,48.56377975300006],[13.770427372000029,48.55364358600008],[13.800493518000053,48.57338900700006],[13.801471109000033,48.59759513000006],[13.825718996000035,48.618549606000045],[13.813676370000053,48.691916072000026],[13.83757629400003,48.70066740900006],[13.794917175000023,48.714928274000044],[13.839506769000025,48.77160490300008],[13.80390238900003,48.78112642100007],[13.815318339000044,48.796900727000036],[13.793092275000049,48.830221351000034],[13.764746363000029,48.83424610600008],[13.737929348000023,48.88584781700007],[13.676238050000052,48.87871667700006],[13.655197417000068,48.89346551500006],[13.62758543800004,48.949484607000045],[13.608540677000065,48.94048719700004],[13.585477690000062,48.96851164600008],[13.529236960000048,48.97410286300004],[13.507073735000063,48.96908625200007],[13.50825801700006,48.942165884000076],[13.495621999000036,48.94134472800005],[13.402895553000064,48.98734273500003],[13.397147201000053,49.05100999700005],[13.289188609000064,49.11863469000008],[13.236364794000053,49.11359506200006],[13.182791683000062,49.13447841300007],[13.170908085000065,49.17357973400004],[13.109970283000052,49.203178911000066],[13.114122113000064,49.21842832500005],[13.086049923000076,49.22941150200006],[13.080762122000067,49.24741742000003],[13.033896390000052,49.263902735000045],[13.029109282000036,49.30434804600003],[12.942958576000024,49.344199443000036],[12.880237338000029,49.35052349700004],[12.886922448000064,49.33230054400008],[12.786286615000051,49.34539792100003],[12.757631008000033,49.39475684800004],[12.708718925000028,49.42467725800003],[12.655893346000028,49.43454683500005],[12.633763692000059,49.476195018000055],[12.644250380000074,49.52304246500006],[12.588501691000033,49.53853616500004],[12.560669829000062,49.619634295000026],[12.528168524000023,49.61818385600003],[12.521638214000063,49.686761828000044],[12.442886119000036,49.70369987500004],[12.400717371000042,49.75384886900008],[12.472723170000052,49.785937782000076],[12.472946945000047,49.83358868500005],[12.498008183000024,49.83757961400005],[12.497845379000069,49.85690503600006],[12.549673107000046,49.90109238200006],[12.547730388000048,49.92034324000008],[12.475514391000047,49.93791852800007],[12.470481629000062,49.94903097400004],[12.499541530000045,49.97201625400004],[12.489889638000022,49.98176080700006],[12.460668,49.99487412800005],[12.43151961600006,49.984381864000056],[12.431223629000044,50.00261508500006],[12.338880725000024,50.039610002000074],[12.325409712000067,50.03301885800005],[12.31733312700004,50.053378688000066],[12.26091210800007,50.05843035500004],[12.275353647000031,50.07647093300005],[12.199626558000034,50.11173902500008],[12.195202154000071,50.143043840000075],[12.215995454000051,50.16817982200007],[12.197454144000062,50.19883868000005],[12.159498486000075,50.21118073500003],[12.15133213100006,50.23572460500003],[12.090759844000047,50.252384394000046],[12.139939875000039,50.27771857600004],[12.125560837000023,50.30761714500005],[12.091343377000044,50.33260968800005],[12.04685190500004,50.32499865700004],[11.977170940000065,50.35148311300003],[11.98394319700003,50.38870713500006],[11.94937688500005,50.39480853600003],[11.954374087000076,50.40707448200004],[11.934729681000022,50.42366379600003],[11.824265370000035,50.38975684500008],[11.825495292000028,50.40442003100003],[11.78025113700005,50.41875476000007],[11.624601485000028,50.386870402000056],[11.57315188800004,50.400121883000054],[11.519853242000067,50.37426848300004],[11.518909861000054,50.39566601100006],[11.478737316000036,50.401215894000075],[11.48156795400007,50.43162169200008],[11.443441968000059,50.42082108100004],[11.451254293000034,50.43103282800007],[11.420630678000066,50.44336648500007],[11.418814569000062,50.493461446000026],[11.440946481000026,50.49995944800003],[11.429278748000058,50.51223288400007],[11.346569075000048,50.52153502600004],[11.290982390000067,50.475256528000045],[11.28911478200007,50.48556597700008],[11.247115540000038,50.47730383000004],[11.247092021000071,50.448924316000046],[11.268013488000065,50.43221228700003],[11.258055654000032,50.400038394000035],[11.284252880000054,50.36030743400005],[11.262435241000048,50.352401033000035],[11.277099067000051,50.33596244700004],[11.261328835000029,50.33791262700004],[11.270336658000076,50.30674659300007],[11.25199460500005,50.29926494600005],[11.252298162000045,50.26902096100008],[11.19784829300005,50.29185637100005],[11.187139425000055,50.26955572600008],[11.14592282700005,50.284956470000054],[11.131754613000055,50.30808767700006],[11.159197358000029,50.330391993000035],[11.139107812000077,50.35350569700006],[11.116797804000043,50.349333932000036],[11.115304910000077,50.36700690300006],[11.04298839300003,50.34472165100004],[11.033417377000035,50.36135823600006],[10.993487278000032,50.36546867700008],[10.99951930800006,50.35197304900004],[10.98578072600003,50.34732052600003],[10.937634647000039,50.39190511400005],[10.89311800400003,50.38032394700008],[10.876235601000076,50.396531191000065],[10.830443013000036,50.39261550100008],[10.785881505000077,50.38538423400007],[10.754509496000026,50.358171911000056],[10.715266573000065,50.363591109000026],[10.714303880000045,50.34634559600005],[10.728872533000072,50.34794160700005],[10.714389547000053,50.325479200000075],[10.770728870000028,50.29267220300005],[10.80255027000004,50.291980901000045],[10.803919859000075,50.27975318800003],[10.846358138000028,50.27509463700005],[10.851953018000074,50.25160305700007],[10.824047415000052,50.23753300200008],[10.80056410700007,50.25144334400005],[10.769631615000037,50.24084024800004],[10.732167774000061,50.25183794600008],[10.731220988000075,50.21265420800006],[10.716645150000033,50.20481895900008],[10.68671445800004,50.22590758500007],[10.612047270000062,50.224138442000026],[10.597108477000063,50.24617272200004],[10.611314700000037,50.24907497500004],[10.597829215000047,50.262620980000065],[10.607295940000029,50.27125747700006],[10.591040414000076,50.27178438200008],[10.605324195000037,50.293536998000036],[10.592359352000074,50.30808136300004],[10.600550296000051,50.33368802900003],[10.561785334000035,50.33709847500006],[10.544408273000045,50.36450557900008],[10.492405731000076,50.35505584500004],[10.494443233000027,50.36944297500003],[10.463657887000068,50.37601454900005],[10.44950284600003,50.40304677100005],[10.39449369700003,50.39365203400007],[10.383918035000022,50.408621476000064],[10.403834693000022,50.42477513000006],[10.370714811000028,50.43175807200004],[10.38133203500007,50.438851905000035],[10.33615420500007,50.46589718800004],[10.330582236000055,50.49427653500004],[10.230827931000022,50.51180310400008],[10.231973530000062,50.53108771900003],[10.203873884000075,50.554700851000064],[10.140366563000043,50.54285042600003],[10.107094136000057,50.56373360300006],[10.041338408000058,50.51646958200007],[10.033485228000075,50.481121072000064],[9.957836757000052,50.42320405600003],[9.860046301000068,50.397473956000056],[9.762063990000058,50.42586748200006],[9.732914417000075,50.35614961700003],[9.745881111000074,50.31040795600006],[9.703422445000058,50.28075231300005],[9.652396015000022,50.269670070000075],[9.636823638000067,50.25144989000006],[9.663619150000045,50.23373346300008],[9.582898993000072,50.22152842600008],[9.50117464400006,50.243473910000034],[9.494769673000064,50.22667220900007],[9.51620547300007,50.19961172300003],[9.498105015000021,50.17554393700004],[9.531201793000037,50.16084967000006],[9.507571330000076,50.145557352000026],[9.512464155000032,50.09435565700005],[9.413110845000062,50.084059882000076],[9.373620660000029,50.130963500000064],[9.221866091000038,50.14941731500005],[9.183268722000037,50.137902205000046],[9.191593718000036,50.12748724200003],[9.149210890000063,50.09063949400007],[9.153609321000033,50.117930615000034],[9.121518865000041,50.12606115300008],[9.018261040000027,50.11160420900006],[8.976611545000026,50.052211431000046],[9.031343853000067,50.03957408400004],[9.04882026000007,49.99226560300008],[9.015714271000036,49.989022860000034],[9.032264261000023,49.92468867200006],[9.023359881000033,49.91013679300005],[9.050452507000045,49.86757176400005],[9.033336125000062,49.86646665300003],[9.03765196200004,49.842564295000045],[9.05951572600003,49.84702774200008],[9.06395686600007,49.83175947700005],[9.084730871000033,49.84750638400004],[9.076992818000065,49.81822328100003],[9.090879621000056,49.79065501100007],[9.131665505000058,49.79492793600008],[9.106913989000077,49.758660975000055],[9.150809170000059,49.742850743000076],[9.122543394000047,49.71484187000004],[9.126109156000041,49.69997958400006],[9.089638351000076,49.69334572300005],[9.102012048000063,49.64221034500008],[9.067351901000052,49.621171624000056],[9.06638137300007,49.60236512900008],[9.11387959800004,49.57468356900006],[9.194410460000029,49.57404064000008],[9.24894015600006,49.58451840600003],[9.285023051000053,49.614801330000034],[9.270722601000045,49.634018567000055],[9.30408305800006,49.65494425400004],[9.406000422000034,49.64531278700008],[9.419495463000032,49.658853554000075],[9.397891490000063,49.67066072800003],[9.422312961000046,49.696079385000075],[9.39996065300005,49.72884051400007],[9.357409236000024,49.70428829400004],[9.344030942000074,49.718613970000035],[9.374211198000069,49.728002031000074],[9.295673221000072,49.740530937000074],[9.323124376000067,49.74379727100006],[9.318028174000062,49.76885602700003],[9.391546883000046,49.77012060700008],[9.425106761000052,49.78955372300004],[9.458256575000064,49.76951971500006],[9.501460487000031,49.78877466100005],[9.514512299000046,49.763786795000044],[9.546462237000071,49.76642600300005],[9.563380497000026,49.744568386000026],[9.561809836000066,49.78061678300003],[9.648736203000055,49.79147765100004],[9.646936205000031,49.73914526500005],[9.627715246000037,49.73196330900004],[9.64087405400005,49.720337200000074],[9.625449125000046,49.70373674000007],[9.653496459000053,49.68713720300008],[9.709719303000043,49.72705805800007],[9.739419988000066,49.68819070300003],[9.752953959000024,49.710121842000035],[9.799993758000028,49.730943240000045],[9.841172423000046,49.68341738300006],[9.823416618000067,49.67317337500003],[9.830060281000044,49.651742770000055],[9.855481315000077,49.641514666000035],[9.87280826400007,49.61007617200005],[9.811544998000045,49.55568263200007],[9.85930991400005,49.54604448600003],[9.875725006000039,49.57863147200004],[9.912438200000054,49.585908403000076],[9.89798994900002,49.56407002000003],[9.924984524000024,49.56006406100005],[9.913740586000074,49.49325299100008],[9.951881740000033,49.48036425500004],[10.020260417000031,49.48664904700007],[10.056145911000044,49.51494530800005],[10.040019271000062,49.52901043500003],[10.06142750600003,49.545138456000075],[10.085519872000077,49.54221400400007],[10.084146565000026,49.51175886600004],[10.121323095000037,49.51104620600006],[10.099991355000043,49.491727680000054],[10.122251832000075,49.46390784100004],[10.094741444000022,49.44789857000006],[10.133705133000035,49.43714686000004],[10.151680498000076,49.41229446400007],[10.138638067000045,49.403095723000035],[10.161698240000021,49.39549398200006],[10.107318285000076,49.378784909000046],[10.124555669000074,49.35613756300006],[10.104846911000038,49.338411507000046],[10.14010171700005,49.32557627300008],[10.13229898800006,49.300318839000056],[10.15662029400005,49.28075891000003],[10.109875037000052,49.25829803200003],[10.133209341000054,49.253105435000066],[10.119829082000024,49.247357976000046],[10.140135950000058,49.20888974300004],[10.12489927300004,49.199736861000076],[10.181182663000072,49.18240669100004],[10.196814396000036,49.15576223700003],[10.218379110000058,49.163489850000076],[10.248022910000032,49.14928110900007],[10.256947320000052,49.12905042800003],[10.204997649000063,49.09811900300008],[10.250596710000025,49.09281512500007],[10.234169895000036,49.07636232200008],[10.264630448000048,49.06136454500006],[10.251863839000066,49.039161196000066],[10.350256584000022,49.02842207200007],[10.352157951000038,49.00600205200004],[10.411773416000074,48.97895683300004],[10.403681380000023,48.96679025700007],[10.418751747000044,48.96857920600007],[10.457107388000054,48.920548179000036],[10.421320368000067,48.90576289000006],[10.450215787000047,48.893089461000045],[10.454106806000027,48.86030058700004],[10.427415498000073,48.842988999000056],[10.449102463000031,48.83032302500004],[10.448624089000077,48.81196778100008],[10.421083753000062,48.79941156900003],[10.43426596300003,48.77623032900004],[10.413101313000027,48.77208798400005],[10.428186612000047,48.75588430500005],[10.416176716000052,48.74810596900005],[10.447883535000074,48.72804419700003],[10.464281234000055,48.735137085000076],[10.455739515000062,48.72904581000006],[10.483382300000073,48.70806417400007],[10.471509766000054,48.70281000400007],[10.495083373000057,48.687247210000066],[10.410638818000052,48.66103394800007],[10.437393747000044,48.693101881000075],[10.408871360000035,48.69879250400004],[10.361128680000036,48.65282684300007],[10.337429497000073,48.689021808000064],[10.317503170000066,48.68293376500003],[10.268706813000051,48.70354711900006],[10.259529865000047,48.65489233800008],[10.323094952000076,48.609132705000036],[10.293114313000046,48.58976552100006],[10.31300460600005,48.56712277100007],[10.300846790000037,48.54507121100005],[10.31202316200006,48.52294378300007],[10.230779588000075,48.51051118300006],[10.24140630100004,48.49195965300004],[10.180098201000021,48.47552447800007],[10.171846421000055,48.457786948000034],[10.133895409000047,48.45487141700005],[10.105026946000066,48.477504356000054],[10.03402668800004,48.45778054800007],[10.028050577000045,48.43691872800008],[10.042414153000038,48.429732038000054],[9.967275615000062,48.37440435700006],[9.999597425000047,48.36322931300003],[9.998131809000029,48.34751287900008],[10.065816520000055,48.28181712300005],[10.060721236000063,48.24009045500003],[10.107074311000076,48.13214418500007],[10.140392398000074,48.09891655900003],[10.134326495000039,48.01759961500005],[10.114954569000076,47.97625743700007],[10.084893700000066,47.96130765500004],[10.111010296000075,47.934879085000034],[10.095332148000068,47.88515881100005],[10.105704629000059,47.879026536000026],[10.076755534000029,47.86780935100006],[10.082961688000069,47.85571778100007],[10.104617333000022,47.86462420600003],[10.091604866000068,47.84562138200005],[10.10715465800007,47.85289545900008],[10.138022984000031,47.809637645000066],[10.064681025000027,47.78588771900007],[10.11904949500007,47.759586711000054],[10.116428889000076,47.719316727000034],[10.139437678000036,47.703273409000076],[10.130059543000073,47.67727125700003],[10.089245367000046,47.67304513700003],[10.077292399000044,47.63927426300006],[10.059312463000026,47.68062877800003],[10.030491263000044,47.67445209700003],[10.028645217000076,47.686983018000035],[9.959522463000042,47.65230409900005],[9.842190840000058,47.677691836000065],[9.74771849900003,47.60368831100004],[9.745651920000057,47.61729698600004],[9.706293734000042,47.60181221100004],[9.657709588000046,47.61172525000006],[9.635966981000024,47.60245548600005],[9.64328483600002,47.589759738000055],[9.602077153000039,47.584337997000034]]]}},{"type":"Feature","id":"10402087B20892132820961","properties":{"admin_level":"4","name":"Berlin","source":"geoBoundaries / BKG"},"geometry":{"type":"MultiLineString","coordinates":[[[13.480055494000055,52.67464638200005],[13.45084091700005,52.662722174000066],[13.469996225000045,52.65207483900008],[13.424365185000056,52.63563046100006],[13.396712093000076,52.64830139700007],[13.357296057000042,52.62317467400004],[13.302422603000025,52.627560602000074],[13.310033892000035,52.657376009000075],[13.282884652000064,52.660784668000076],[13.264274727000043,52.626927970000054],[13.22068327200003,52.62817872100004],[13.201606489000028,52.606381329000044],[13.217336442000033,52.58745559300007],[13.16426315700005,52.59890033100004],[13.128987291000044,52.58744210400005],[13.152953085000036,52.57278142700005],[13.145664779000072,52.55291135900006],[13.130617438000058,52.55635397000003],[13.117392920000043,52.516995327000075],[13.166457606000051,52.51012429000008],[13.11779830000006,52.47896793700005],[13.109223276000023,52.450619509000035],[13.123176543000056,52.43936454700008],[13.09063599700005,52.411813884000026],[13.11157057500003,52.413136620000046],[13.133589439000048,52.38691590500008],[13.222287982000068,52.42035668200003],[13.245797292000077,52.42080114700008],[13.249844004000067,52.404964790000065],[13.29613013200003,52.41645128600004],[13.311926097000025,52.399185473000045],[13.343248653000046,52.41161993900005],[13.388520782000057,52.37796846700007],[13.420984876000034,52.37624714200007],[13.418772686000068,52.40991740700008],[13.462321603000078,52.42062443700007],[13.479884998000045,52.39599663400003],[13.538379367000061,52.40067906500008],[13.535663613000054,52.38901045500006],[13.592762117000063,52.394169688000034],[13.604438755000047,52.37420620200004],[13.643364633000033,52.37739092600003],[13.636291071000073,52.34703792500005],[13.65172295800005,52.33945761600006],[13.671080361000065,52.36635565700004],[13.699997283000073,52.37512134100007],[13.686711976000026,52.38581835000008],[13.734537746000058,52.40197606900006],[13.737958595000066,52.434137759000066],[13.759028644000068,52.44257936500003],[13.648215010000058,52.47878196000005],[13.611517293000077,52.47062733400003],[13.656895568000039,52.52986951200006],[13.625906814000075,52.53014637500007],[13.635358749000034,52.54162879300003],[13.585387118000028,52.54847164300003],[13.581539702000043,52.570881943000074],[13.508153615000026,52.592183257000045],[13.49675228500007,52.60509353900005],[13.523100123000063,52.645430195000074],[13.490831410000055,52.65472873400006],[13.480055494000055,52.67464638200005]]]}},{"type":"Feature","id":"10402087B40185768535592","properties":{"admin_level":"4","name":"Brandenburg","source":"geoBoundaries / BKG"},"geometry":{"type":"MultiLineString","coordinates":[[[13.051025247000041,51.64767715500005],[13.08630409500006,51.60813513900007],[13.121025347000057,51.61888754900008],[13.154954859000043,51.60019678500004],[13.143169245000024,51.56746112900004],[13.185571760000073,51.558075237000025],[13.207957037000028,51.524352847000046],[13.201294464000057,51.491717480000034],[13.182296591000068,51.491959294000026],[13.203121686000031,51.45101338300003],[13.174310971000068,51.42825391900004],[13.19975045700005,51.433225950000065],[13.217308924000065,51.39505564900003],[13.26854325000005,51.384793245000026],[13.259983530000056,51.40039904100007],[13.286354589000041,51.399288186000035],[13.328343606000033,51.426642050000055],[13.320322813000075,51.43750047600008],[13.376647809000076,51.42461142500008],[13.372938772000055,51.437795651000044],[13.401050430000055,51.45417172500004],[13.428149657000063,51.431245011000044],[13.421424948000038,51.421505006000075],[13.445913131000054,51.43144971300006],[13.47378606600006,51.417881159000046],[13.46328191400005,51.411753590000046],[13.521217776000071,51.40205739000004],[13.542628170000057,51.36931550600008],[13.56996177700006,51.385666025000035],[13.594063134000066,51.369356210000035],[13.668403738000052,51.37612642800008],[13.739111251000054,51.361202020000064],[13.757691732000069,51.37149459800003],[13.763252568000041,51.35902035100003],[13.833190694000052,51.383838980000064],[13.883068070000036,51.375117439000064],[13.956223629000021,51.39707171300006],[13.972343684000066,51.39382237700005],[13.970209088000047,51.37584092600008],[14.000697255000034,51.372595974000035],[14.003563735000057,51.39561192300005],[14.028091220000022,51.39593580500008],[14.015903684000023,51.40513789600004],[14.06283710200006,51.445505756000045],[14.033005724000077,51.47510218900004],[14.087258361000067,51.47739668300005],[14.073821672000065,51.49266749000003],[14.107796743000051,51.52176056800005],[14.142359250000027,51.52280445200006],[14.129730077000033,51.53386106000005],[14.139565193000067,51.543986379000046],[14.274005492000072,51.53213036400007],[14.332350139000027,51.50501826300007],[14.38715846100007,51.54177088400007],[14.515453721000029,51.554234835000045],[14.569635102000063,51.58119047800005],[14.599026234000064,51.57174985800003],[14.609886946000074,51.55014978100007],[14.674012757000071,51.55064535400004],[14.706451662000063,51.576460163000036],[14.696647725000048,51.59666082600006],[14.729865561000054,51.581776998000066],[14.764909531000058,51.60704414700007],[14.746769710000024,51.67617473100006],[14.668123664000063,51.72583001800007],[14.645118010000033,51.79581834700008],[14.590144373000044,51.82100999000005],[14.61159198200005,51.85742374900008],[14.694259159000069,51.90198462300003],[14.721230977000062,51.95116209100007],[14.704708298000071,51.97661883300003],[14.721392882000032,51.99381844700008],[14.714049733000024,52.003692208000075],[14.748263133000023,52.03183024100008],[14.759100958000033,52.06568982300007],[14.681595448000053,52.116651776000026],[14.679584852000062,52.14492951400007],[14.705415466000034,52.16962629400007],[14.685177147000047,52.19408442200006],[14.715746889000059,52.23588355100003],[14.692153980000057,52.255946031000065],[14.576039610000066,52.28836671100004],[14.584921860000065,52.30645775900007],[14.53435722200004,52.395007777000046],[14.54952744600007,52.43362290600004],[14.57923730300007,52.44175116800005],[14.63454116400004,52.49233735100006],[14.603921495000066,52.53133983100008],[14.639110578000043,52.572998863000066],[14.596155324000051,52.61066206600003],[14.465104603000043,52.66132556100007],[14.351042391000021,52.75150720400006],[14.278810273000033,52.77445445600006],[14.21749012400005,52.81687246100006],[14.122926948000043,52.83765710700004],[14.161595565000027,52.88809495900006],[14.143657775000065,52.96136543700004],[14.291619106000041,53.020010342000035],[14.366157186000066,53.07936704800005],[14.387737259000062,53.143025686000044],[14.366254964000063,53.17198864000005],[14.37727299200003,53.20174829700005],[14.405216792000033,53.21022967200008],[14.450268471000072,53.26055847400005],[14.42121658700006,53.276136731000065],[14.412381009000057,53.32959336200008],[14.316569422000043,53.31233554700003],[14.301854254000034,53.28622360900005],[14.262188670000057,53.27660236100007],[14.266048356000056,53.25959485200008],[14.098817346000033,53.26167191500008],[14.223406622000027,53.358563229000026],[14.243144164000057,53.39232073000005],[14.237712313000031,53.42734197800007],[14.176961664000032,53.42286728900007],[14.121843780000063,53.44170762200008],[14.08222394300003,53.41091170300007],[14.001216932000034,53.43499156300004],[13.916373270000065,53.42226627100007],[13.902893509000023,53.43202501500008],[13.918213428000058,53.455998470000054],[13.875591803000077,53.47346619700005],[13.879268139000033,53.504139956000074],[13.821728497000038,53.51811033900003],[13.791347175000055,53.558577928000034],[13.777657389000069,53.51370533800008],[13.827102382000021,53.498713707000036],[13.812079406000066,53.483943984000064],[13.71539978100003,53.482260877000044],[13.640500227000075,53.44723875200003],[13.625216954000052,53.409302567000054],[13.550112204000072,53.399081272000046],[13.556369896000035,53.376092380000046],[13.516854329000068,53.35209251500004],[13.523531386000059,53.32008458400003],[13.502842524000073,53.327333245000034],[13.48306387200006,53.29120339600007],[13.43820812100006,53.29973323400003],[13.442401330000052,53.28648496400007],[13.405174674000023,53.24641823500008],[13.386533825000072,53.244054609000045],[13.360450599000046,53.27799893300005],[13.297801779000054,53.28089250200003],[13.252714248000075,53.26230544200007],[13.229391856000063,53.21658689600008],[13.202681010000049,53.22212072200006],[13.181914294000023,53.25073407200006],[13.152220904000046,53.25111397900008],[13.109925574000044,53.24022827600004],[13.10656403300004,53.21515262500003],[13.079532891000042,53.20018375500007],[12.980466333000038,53.16252656800003],[12.941998415000057,53.17431547000007],[12.97943353200003,53.19055157100007],[12.964244872000052,53.200391513000056],[12.880109598000047,53.17969011800005],[12.845979184000043,53.20140215400005],[12.764381357000048,53.18893054700004],[12.739492982000058,53.19960159200008],[12.757410986000025,53.224352804000034],[12.671179075000055,53.229504646000066],[12.675657612000066,53.24771916200007],[12.660557174000076,53.254409578000036],[12.606046712000023,53.24439545700005],[12.529768323000042,53.264788321000026],[12.445312164000029,53.24992826400006],[12.428008562000059,53.27498756300008],[12.391832331000046,53.28505686400007],[12.394247808000046,53.301805355000056],[12.310765272000026,53.32724170900008],[12.260207483000045,53.32391218400005],[12.229435329000069,53.358160532000056],[12.16856047400006,53.33911698000003],[12.151951147000034,53.36150523600003],[12.092089179000027,53.344856410000034],[12.06162346900004,53.371419407000076],[12.045284959000071,53.37098764500007],[12.05733934500006,53.34934209900007],[12.014610854000068,53.33442360000004],[12.018530148000025,53.29959472200005],[11.97385789200007,53.29915948900003],[11.948063009000066,53.27176964900008],[11.892603005000069,53.278981130000034],[11.86174684200006,53.24821692000006],[11.796067194000045,53.25334819600005],[11.828893642000025,53.22865502600007],[11.729329797000048,53.21715177500005],[11.700017775000049,53.243977965000056],[11.629237266000075,53.24222453700003],[11.551586451000048,53.20840728500008],[11.569364935000067,53.166094858000065],[11.534572129000026,53.125318348000064],[11.42176424400003,53.14094835700007],[11.39562750500005,53.14000024000006],[11.393767787000058,53.11030257200008],[11.265731921000054,53.12197789600003],[11.273159371000077,53.09721873700005],[11.338867152000034,53.05509894100004],[11.448379406000072,53.07838158200008],[11.505903623000052,53.04904482900008],[11.639365586000054,53.03871875200008],[11.626327036000077,53.01264737000008],[11.67716506000005,53.008137230000045],[11.692083658000058,52.97840706300008],[11.743789794000065,52.98854467500007],[11.786303885000052,52.96095827500005],[11.844216635000066,52.95268081300003],[11.82309213700006,52.92325763700006],[11.833997503000035,52.910361117000036],[11.981550252000034,52.876028785000074],[12.022614193000038,52.89037025700003],[12.112623069000051,52.87572909100004],[12.124601270000028,52.89358591000007],[12.123714704000065,52.85379583500003],[12.196936529000027,52.87797799000003],[12.234056796000061,52.85937765300008],[12.257536445000028,52.804908485000055],[12.244659900000045,52.78722398000008],[12.22017640200005,52.790127959000074],[12.205958399000053,52.76091054600005],[12.223168686000065,52.73974733600005],[12.197548537000046,52.718375034000076],[12.232876671000042,52.68904403700003],[12.236872557000027,52.62887701900007],[12.171970158000022,52.625946604000035],[12.181078091000074,52.575177085000064],[12.141811423000036,52.52839423900008],[12.188689499000077,52.53242278000005],[12.16729483100005,52.51498540800003],[12.184704165000028,52.49577607100008],[12.221679470000026,52.50066541800004],[12.23611741600007,52.52371982500006],[12.25821619800007,52.51788540100006],[12.271445311000036,52.48748083800007],[12.32988928800006,52.49686037100008],[12.308295310000062,52.48028980000004],[12.330781529000035,52.478555665000044],[12.289252414000032,52.43069493200005],[12.296989636000035,52.423778080000034],[12.274469664000037,52.41606189200007],[12.30232598400005,52.40501281200005],[12.29180744100006,52.38614361000003],[12.305989508000039,52.37743324300004],[12.283811381000021,52.36425454600004],[12.308127562000038,52.34469653200006],[12.26276517100007,52.29507163200003],[12.24464806900005,52.24843817400006],[12.297276877000058,52.22754538000004],[12.248921059000054,52.21173724000005],[12.248291792000032,52.184222874000056],[12.21678313700005,52.17006860100008],[12.276724288000025,52.10401798000004],[12.430227854000066,52.01830613800007],[12.48061535100004,52.033335116000046],[12.498826522000059,52.008922889000075],[12.536306598000067,52.002880024000035],[12.539394591000075,51.98488894400003],[12.603019491000055,51.98108668500004],[12.669186684000067,52.01288074400003],[12.774325113000032,51.97835995100007],[12.777612700000077,51.96459096500007],[12.844153643000027,51.96773396900005],[12.852730179000048,51.93500529000005],[12.960567963000074,51.93491054300006],[12.95597430500004,51.92265712200003],[12.976535928000033,51.91986343600007],[12.972664852000037,51.90088114100007],[13.045407862000047,51.90051510700005],[13.029163736000044,51.881042414000035],[13.039239290000069,51.87091214700007],[13.138950996000062,51.87951209000005],[13.150913369000023,51.859610359000044],[13.123535766000032,51.854592541000045],[13.170103761000064,51.78702373700003],[13.147481829000071,51.76663853300005],[13.163294686000029,51.75493602900008],[13.154010380000045,51.744247947000076],[13.18707161900005,51.71562451400007],[13.16547919900006,51.71755585900007],[13.154528682000034,51.68670591700004],[13.051025247000041,51.64767715500005]],[[12.267155795000065,52.23131355800007],[12.264446159000045,52.23171338700007],[12.275204045000066,52.23105054900003],[12.267155795000065,52.23131355800007]],[[12.286255987000061,52.22745841900007],[12.279125023000063,52.22941792600005],[12.276546163000035,52.22829564800003],[12.286255987000061,52.22745841900007]],[[12.217115001000025,52.86199253900003],[12.222307577000038,52.862548547000074],[12.221316314000035,52.86381264900007],[12.217115001000025,52.86199253900003]]]}},{"type":"Feature","id":"10402087B44391416804171","properties":{"admin_level":"4","name":"Bremen","source":"geoBoundaries / BKG"},"geometry":{"type":"MultiLineString","coordinates":[[[8.615217568000048,53.195910920000074],[8.613037882000071,53.19856578200006],[8.611903031000054,53.19744233700004],[8.615217568000048,53.195910920000074]],[[8.553698911000026,53.20780580200005],[8.481735119000064,53.22644954400005],[8.504711920000034,53.20078605400005],[8.619465302000037,53.16752076000006],[8.666494272000023,53.091558801000076],[8.70915481000003,53.075908336000055],[8.709801138000046,53.046018221000054],[8.731491654000024,53.03493253400006],[8.770704766000051,53.05340697300005],[8.822005429000058,53.021266773000036],[8.866756114000054,53.02211723700003],[8.86700616500002,53.040832616000046],[8.91582704800004,53.011021380000045],[8.98026713400003,53.04674705800005],[8.963728920000051,53.057426218000046],[8.961377207000055,53.08521811400004],[8.990913202000058,53.09667276300007],[8.947017837000033,53.116100810000034],[8.984185253000021,53.12607093100007],[8.945082912000032,53.15201299200004],[8.91214330400004,53.132618801000035],[8.864023195000073,53.13172351600008],[8.829227339000056,53.16437627800008],[8.77539574900004,53.15868402400008],[8.699357718000044,53.18547943200008],[8.663828357000057,53.176243845000045],[8.627994030000025,53.19837235300008],[8.59325143600006,53.183633719000056],[8.581097702000022,53.19870724800006],[8.599039076000054,53.21254623100003],[8.553698911000026,53.20780580200005]],[[8.554898250000065,53.52513102800003],[8.492651892000026,53.472419761000026],[8.605904617000022,53.48423378800004],[8.650555157000042,53.51078166600007],[8.646354349000035,53.55554567300004],[8.616802851000045,53.57437003800004],[8.65063238700003,53.60256522100008],[8.483202469000048,53.60049898700004],[8.554898250000065,53.52513102800003]],[[8.653535034000072,53.61005081900004],[8.643769177000024,53.605473388000064],[8.660884274000068,53.60708643700008],[8.653535034000072,53.61005081900004]]]}},{"type":"Feature","id":"10402087B45896528657515","properties":{"admin_level":"4","name":"Hamburg","source":"geoBoundaries / BKG"},"geometry":{"type":"MultiLineString","coordinates":[[[10.236567868000066,53.39575369100004],[10.325959158000046,53.44963954000008],[10.301645689000054,53.44319530200005],[10.218607039000062,53.49905535600004],[10.210601309000026,53.52004653900008],[10.16464303600003,53.51993916500004],[10.166903383000033,53.53731852100003],[10.152582687000063,53.53979280100003],[10.152557987000023,53.57790073600006],[10.201449729000046,53.58407587200003],[10.188952193000034,53.61301421700006],[10.221761274000073,53.63372253500006],[10.189664917000073,53.63838061000007],[10.19605638400003,53.65470393000004],[10.141212387000053,53.678152745000034],[10.19163750000007,53.72289717500007],[10.168237438000062,53.73823597300003],[10.121056101000022,53.71339516900008],[10.08184213800007,53.720419993000064],[10.060669695000058,53.68839732500004],[10.069265382000026,53.67945056100007],[9.998695506000047,53.68146746100007],[9.985599002000072,53.64723457600007],[9.905366421000053,53.652194336000036],[9.889685197000063,53.62232685500004],[9.828781928000069,53.58529056900005],[9.763672583000073,53.62749506100005],[9.730104055000027,53.55758091300004],[9.774388785000042,53.55432306000006],[9.765441705000057,53.541114563000065],[9.77832012600004,53.51946144900006],[9.763793944000042,53.50810650500006],[9.802426170000047,53.493251540000074],[9.799804376000054,53.46963746900008],[9.862387477000027,53.429876593000074],[9.904411288000063,53.45679422400008],[9.921486178000066,53.43655015100006],[9.906566145000056,53.415790911000045],[9.949211967000053,53.43094997500003],[9.98443287200007,53.41541377900006],[10.029273488000058,53.43516433100007],[10.020944605000068,53.44686279200005],[10.045738931000074,53.44674105200005],[10.051810704000047,53.46391894000004],[10.175688643000058,53.39658250000008],[10.236567868000066,53.39575369100004]],[[8.514655343000072,53.91764946400008],[8.491131031000066,53.92867085600005],[8.486976415000072,53.913911547000055],[8.514655343000072,53.91764946400008]],[[8.458234723000032,53.95707344400006],[8.436453779000033,53.96357881300003],[8.419906902000037,53.94871752100005],[8.43129185500004,53.944528167000044],[8.458234723000032,53.95707344400006]]]}},{"type":"Feature","id":"10402087B85226028911536","properties":{"admin_level":"4","name":"Hessen","source":"geoBoundaries / BKG"},"geometry":{"type":"MultiLineString","coordinates":[[[9.103006167000046,49.57745601400006],[9.06513848000003,49.617319156000065],[9.102012048000063,49.64221034500008],[9.089638351000076,49.69334572300005],[9.126109156000041,49.69997958400006],[9.122543394000047,49.71484187000004],[9.150809170000059,49.742850743000076],[9.106913989000077,49.758660975000055],[9.131665505000058,49.79492793600008],[9.090879621000056,49.79065501100007],[9.076992818000065,49.81822328100003],[9.084730871000033,49.84750638400004],[9.06395686600007,49.83175947700005],[9.05951572600003,49.84702774200008],[9.03765196200004,49.842564295000045],[9.033336125000062,49.86646665300003],[9.050452507000045,49.86757176400005],[9.023359881000033,49.91013679300005],[9.032264261000023,49.92468867200006],[9.015714271000036,49.989022860000034],[9.04882026000007,49.99226560300008],[9.031343853000067,50.03957408400004],[8.976480289000051,50.04717018700006],[8.999282564000055,50.06936687700005],[8.997391285000049,50.09157988000004],[9.018261040000027,50.11160420900006],[9.117457036000076,50.12662404300005],[9.153609321000033,50.117930615000034],[9.149210890000063,50.09063949400007],[9.191593718000036,50.12748724200003],[9.183268722000037,50.137902205000046],[9.221866091000038,50.14941731500005],[9.373620660000029,50.130963500000064],[9.413110845000062,50.084059882000076],[9.512464155000032,50.09435565700005],[9.507571330000076,50.145557352000026],[9.531201793000037,50.16084967000006],[9.498105015000021,50.17554393700004],[9.51620547300007,50.19961172300003],[9.494769673000064,50.22667220900007],[9.50117464400006,50.243473910000034],[9.582898993000072,50.22152842600008],[9.663619150000045,50.23373346300008],[9.636823638000067,50.25144989000006],[9.652396015000022,50.269670070000075],[9.703422445000058,50.28075231300005],[9.745881111000074,50.31040795600006],[9.732914417000075,50.35614961700003],[9.762063990000058,50.42586748200006],[9.883100782000042,50.39889344300008],[9.957836757000052,50.42320405600003],[10.018307426000035,50.46645526300006],[10.061828605000073,50.55668738400004],[10.037191069000073,50.61292626900007],[10.08104983800007,50.62002482400004],[10.069985062000057,50.65587779100008],[10.048934055000075,50.67393254500007],[10.001994968000076,50.67660256800008],[9.947575159000053,50.66230475800006],[9.96890154600004,50.64125944300008],[9.960722013000066,50.62948365400007],[9.877320475000033,50.63871517600006],[9.881273200000066,50.673378626000044],[9.923955435000039,50.69513052100007],[9.908890736000046,50.704532451000034],[9.941371631000038,50.741837856000075],[9.920126452000034,50.75961203400004],[9.928430938000076,50.77659421300007],[9.952133926000045,50.77329162500007],[9.952252803000022,50.821374509000066],[10.023054524000031,50.83163142600006],[10.038620257000048,50.85311491200008],[10.021928583000033,50.84785663400004],[10.021893143000057,50.86448629900008],[10.059803704000046,50.88539256400003],[10.015635922000058,50.92062395100004],[9.971463749000065,50.907410938000055],[9.991996475000064,50.93451451100003],[9.95714401500004,50.92260019200006],[9.950086587000044,50.94225025600008],[10.062345939000068,50.943783547000066],[10.019470217000048,50.98070807900007],[10.036400428000036,51.01237619600005],[10.178159480000033,50.996001543000034],[10.215185735000034,51.02641935100007],[10.140590157000076,51.05849138900004],[10.174630972000045,51.11686746000004],[10.118321564000041,51.13957300700008],[10.168738649000034,51.15326772100008],[10.19995902200003,51.11297207700005],[10.207323427000063,51.16491704800006],[10.235776989000044,51.186695162000035],[10.068673434000061,51.22656282200006],[10.078995134000024,51.24278092800006],[10.046969081000043,51.25342573700004],[10.059916187000056,51.27586548900007],[9.971981130000074,51.284895505000065],[9.969853098000044,51.30027113800003],[9.939356592000024,51.30740986400008],[9.949172505000035,51.31820623200008],[9.925469058000033,51.35379334500004],[9.931109065000044,51.392733229000044],[9.906021117000023,51.42113874900008],[9.878315341000075,51.404476944000066],[9.850743074000036,51.41441364700006],[9.86527591500004,51.371612732000074],[9.84010663600003,51.38359324100003],[9.840636601000028,51.40264157300004],[9.803510306000021,51.41040054500007],[9.80145010700005,51.38691468800005],[9.702143787000068,51.364571795000074],[9.738247707000028,51.31942876900007],[9.772456280000029,51.33629096700008],[9.768200360000037,51.30672614100007],[9.73230439300005,51.29523190100008],[9.669385916000067,51.317710858000055],[9.628524068000047,51.31190258700008],[9.63336591500007,51.32585405000003],[9.55883264800002,51.347657076000075],[9.548441127000046,51.35895530100004],[9.576969688000077,51.36962914900005],[9.559622524000076,51.380738500000064],[9.579345406000073,51.40176887900003],[9.643581790000042,51.418260728000064],[9.627620523000076,51.44420867500003],[9.643813808000061,51.469160043000045],[9.586259150000046,51.51931892500005],[9.61883206500005,51.53010306900006],[9.609310282000024,51.55690536800006],[9.647755440000026,51.552510968000036],[9.626830884000071,51.58197606400006],[9.684003674000053,51.566532659000075],[9.690947953000034,51.576315141000066],[9.637835474000042,51.60880481200007],[9.625999284000045,51.63691397000008],[9.507071663000033,51.627184337000074],[9.491929532000029,51.634721582000054],[9.494612786000062,51.65736291300004],[9.337098312000023,51.61470157000008],[9.373522628000046,51.59101373400006],[9.31703096900003,51.55236555000005],[9.308324697000046,51.51264327500007],[9.242088214000034,51.49768034400006],[9.216640648000066,51.48116523500005],[9.216465954000057,51.45959399900005],[9.185100362000071,51.466333563000035],[9.15840769600004,51.44309608400005],[9.094329852000044,51.44459823100004],[9.077185433000068,51.46487161300007],[9.092328869000028,51.49438795300006],[9.020976431000065,51.51861067100003],[8.913334846000055,51.49155398200003],[8.890376608000054,51.481928278000055],[8.921783452000057,51.44605382100008],[8.918786788000034,51.43028542900004],[8.948108682000054,51.42821888800006],[8.93950200300003,51.38949902300004],[8.693811209000046,51.37678475300004],[8.653654042000028,51.33978950100004],[8.605048337000028,51.32369487100004],[8.556347796000068,51.27749475200005],[8.59356275600004,51.24749677800003],[8.721997745000067,51.27374380600003],[8.741697463000037,51.218423262000044],[8.768194376000054,51.20887368400008],[8.749501813000052,51.19773170000008],[8.758214362000047,51.17718172900004],[8.692161804000023,51.132834142000036],[8.719655316000058,51.11032615500005],[8.656632492000028,51.09490320000003],[8.52812272400007,51.09695248500003],[8.501733298000033,51.07946559800007],[8.527572852000048,51.06289413500008],[8.505143530000055,51.04143322200008],[8.538782178000076,51.01944843100006],[8.459665449000056,50.966650249000054],[8.456441092000034,50.91653052300006],[8.433426238000038,50.91823903900007],[8.358600176000039,50.86069003400007],[8.305473258000063,50.86112059000004],[8.292017197000064,50.88213579300003],[8.269666509000047,50.88187564800006],[8.12551194100007,50.78835590800003],[8.166828990000056,50.73571067900008],[8.110229725000067,50.670901177000076],[8.140884865000032,50.63022826800005],[8.126018672000043,50.61009313800008],[8.151592167000047,50.599370803000056],[8.137912756000048,50.55094786600006],[8.103427207000038,50.53262800700003],[8.046103997000046,50.55701687000004],[8.028374600000063,50.550558728000055],[7.97890288900004,50.49538382900005],[8.010766001000036,50.452692427000045],[7.97518245200007,50.43762097700005],[7.987782203000052,50.42792160100004],[7.964191682000035,50.412225232000026],[8.023757273000058,50.40076622600003],[8.014559715000075,50.38452504900005],[8.059756762000063,50.37531153200007],[8.071944286000075,50.331772923000074],[8.102677519000054,50.32701728500007],[8.121913617000075,50.27722503200005],[8.103120829000034,50.25978884300008],[8.035891845000037,50.27119223300008],[8.021650501000067,50.258344814000054],[8.058909586000027,50.23440564400005],[8.03544434500003,50.215661975000046],[7.990203927000039,50.23866512800004],[7.882830211000055,50.18131748800005],[7.932942308000065,50.143884316000026],[7.930097218000071,50.103740112000025],[7.85401610200006,50.12832878800003],[7.830071079000049,50.09802558200005],[7.837194078000039,50.08412892400003],[7.773997185000042,50.06654010500006],[7.887255214000049,49.97184287300007],[7.967401579000068,49.977772909000066],[8.180949141000042,50.035205982000036],[8.272350266000046,50.01029608300007],[8.340963698000053,49.95107573800004],[8.354723212000067,49.91321317300003],[8.344010057000048,49.88010932000003],[8.383583802000032,49.85567786200005],[8.378448621000075,49.824820085000056],[8.416297386000053,49.77386768700006],[8.479186194000022,49.76421191700007],[8.435958648000053,49.720989392000035],[8.357266999000046,49.69214161200006],[8.381985162000035,49.62728359000005],[8.422439263000058,49.583385415000066],[8.475795984000058,49.58445226300006],[8.560001947000046,49.51746243000008],[8.621299696000051,49.54500989100006],[8.593888979000042,49.61094664800004],[8.677933668000037,49.62594697600008],[8.692313575000071,49.62373885900007],[8.686368561000052,49.60848043500005],[8.672139781000055,49.61119410500004],[8.69799751100004,49.59975733500005],[8.680989341000043,49.57554792900004],[8.702650222000045,49.53532790000003],[8.735949885000025,49.524845990000074],[8.727711250000027,49.51833855000007],[8.79859060800004,49.511688752000055],[8.82187400500004,49.524636471000065],[8.81696286500005,49.505793062000066],[8.83385525500006,49.49068327100008],[8.89957270800005,49.50365573200003],[8.876495013000067,49.46668603400008],[8.851932272000056,49.483588215000054],[8.826602842000057,49.46934922200006],[8.836452906000034,49.43021830300006],[8.806587634000039,49.419200826000065],[8.814612220000072,49.39685237300006],[8.830413501000066,49.408335858000044],[8.85464451300004,49.39662719700004],[8.900948949000053,49.44336867200008],[8.950348720000022,49.454992884000035],[8.931879784000046,49.47063680900004],[8.954639722000024,49.482009230000074],[8.951832484000022,49.50562623500008],[9.040756948000023,49.499069415000065],[9.064950779000071,49.529606011000055],[9.11953,49.51221011700005],[9.126459732000058,49.52160708800005],[9.072205636000035,49.56524923000006],[9.078042595000056,49.57480364200006],[9.098930719000066,49.56055390700004],[9.103006167000046,49.57745601400006]],[[8.675960362000069,49.61595325500008],[8.685979754000073,49.618355087000054],[8.685867891000044,49.62166492700004],[8.675112579000029,49.621105028000045],[8.675960362000069,49.61595325500008]]]}},{"type":"Feature","id":"10402087B60782008682549","properties":{"admin_level":"4","name":"Mecklenburg-Vorpommern","source":"geoBoundaries / BKG"},"geometry":{"type":"MultiLineString","coordinates":[[[11.426799919000075,53.93796751800005],[11.428396571000064,53.94339132600004],[11.423207731000048,53.94219047200005],[11.426799919000075,53.93796751800005]],[[11.476962152000056,53.963978008000026],[11.474799957000073,53.96389986100007],[11.477147437000042,53.961632070000064],[11.476962152000056,53.963978008000026]],[[11.467246062000072,53.96378725000005],[11.47064583100007,53.96846709000005],[11.467271768000046,53.967561627000066],[11.467246062000072,53.96378725000005]],[[13.958649183000034,53.940980180000054],[13.960766590000048,53.94204435300003],[13.959025320000023,53.94367253300004],[13.958649183000034,53.940980180000054]],[[11.473005883000042,54.02444752700006],[11.37685254400003,53.99642693100003],[11.376623083000027,53.97870824000006],[11.388106554000046,53.966135112000075],[11.40009126800004,53.96405273900007],[11.411139878000029,53.96657737800007],[11.387012321000043,53.96781610100004],[11.393635023000058,53.97465173300003],[11.402146923000032,53.96831596700008],[11.409895988000073,53.96887291100006],[11.420526161000055,53.962135267000065],[11.425946064000073,53.96076416400007],[11.43176843200007,53.961633455000026],[11.42786848000003,53.98580985800004],[11.446154083000067,53.99732769900004],[11.441474096000036,53.96462178200005],[11.455957342000033,53.95753345500003],[11.495327760000066,54.011110055000074],[11.473005883000042,54.02444752700006]],[[14.032775008000044,53.944137598000054],[14.033396113000038,53.94652103800007],[14.03112432200004,53.94483188800007],[14.032775008000044,53.944137598000054]],[[14.028817914000058,53.947382291000054],[14.027327940000077,53.95107912200007],[14.024216636000062,53.951509808000026],[14.028817914000058,53.947382291000054]],[[11.496341339000026,54.03131270600005],[11.486354181000024,54.025472197000056],[11.494789052000044,54.024195286000065],[11.496341339000026,54.03131270600005]],[[11.515053795000028,54.03799558500003],[11.515186500000027,54.05450101300005],[11.52300169800003,54.06848707200004],[11.511905170000034,54.053974366000034],[11.515053795000028,54.03799558500003]],[[13.925955810000062,54.01603996300008],[13.926332353000078,54.03030029700005],[13.917627820000064,54.01927991500003],[13.925955810000062,54.01603996300008]],[[13.785243712000067,54.05294661500005],[13.78231517100005,54.059407589000045],[13.780285007000032,54.05578612900007],[13.785243712000067,54.05294661500005]],[[13.806411326000045,54.08420988000006],[13.801789037000049,54.08159842100008],[13.803894009000032,54.07907125400004],[13.806411326000045,54.08420988000006]],[[13.79755564900006,54.17402461000006],[13.749296749000052,54.15847457400008],[13.774831550000044,54.12010601500003],[13.813839361000078,54.10782325900004],[13.80703625800004,54.07838374500005],[13.788091635000058,54.05601212400006],[13.790568133000022,54.04867718600008],[13.764304803000073,54.02998066200007],[13.769915621000052,54.019184120000034],[13.801286645000062,54.01874070700006],[13.858941103000063,54.04811080700006],[13.879676464000056,54.04025984200007],[13.853236518000074,54.01367774200003],[13.861586553000052,53.99975171500006],[13.924067821000051,54.03580373300008],[13.907348925000065,54.043114744000036],[13.911190422000061,54.06399433100006],[13.973258916000077,54.06399662900003],[14.004361176000032,54.01065535300006],[14.032710450000025,54.01710739500004],[14.047581112000046,53.99744244900006],[14.040180529000054,53.94072126400005],[14.011792624000066,53.94931961600008],[14.023295886000028,53.96221410000004],[13.98368182300004,53.96210030200007],[13.963523535000036,53.95703787800005],[13.959602033000067,53.93399228800007],[13.949969504000023,53.95887000500005],[13.972228479000023,53.96961466400006],[13.965029899000058,53.989799815000026],[13.905954691000034,53.98954333700004],[13.895136173000026,53.96648573300007],[13.922692556000072,53.95062918100007],[13.937972831000025,53.90895263800007],[13.893418387000054,53.87717067700004],[13.834142531000055,53.871008403000076],[13.826150251000058,53.84968518200003],[13.898238400000025,53.839906143000064],[13.931506523000053,53.87037201100003],[13.955056461000027,53.860324055000035],[13.92331325400005,53.85208823800008],[13.939010887000052,53.843436696000026],[13.990989290000073,53.848447054000076],[14.040923857000053,53.87450838800004],[14.213077509000072,53.86647963300004],[14.212300980000066,53.900294719000044],[14.18531431100007,53.91410242400008],[14.226321978000044,53.92864344000003],[14.016216602000043,54.05389185000007],[13.874714329000028,54.10028757600003],[13.79755564900006,54.17402461000006]],[[13.809294131000058,54.16994984100006],[13.81226990600004,54.173368898000035],[13.806582860000049,54.17403031600003],[13.809294131000058,54.16994984100006]],[[13.81040519000004,54.17566724800008],[13.804088404000026,54.17818530400007],[13.803328923000038,54.17688366400006],[13.81040519000004,54.17566724800008]],[[13.77072729200006,54.20074034000004],[13.768876807000026,54.20892111400008],[13.768949762000034,54.20082204700003],[13.77072729200006,54.20074034000004]],[[13.926762009000072,54.24867061800006],[13.908618927000077,54.24414007300004],[13.906990114000052,54.24022405000005],[13.926762009000072,54.24867061800006]],[[12.528019838000034,54.34622056200004],[12.529585853000071,54.35009267400005],[12.526920293000046,54.35222689500006],[12.528019838000034,54.34622056200004]],[[12.535520950000034,54.356009183000026],[12.527863697000043,54.35411283600007],[12.530961209000054,54.34992789800003],[12.535520950000034,54.356009183000026]],[[12.527914090000024,54.35777705600003],[12.527901316000055,54.36172238000006],[12.525126063000073,54.35938853200008],[12.527914090000024,54.35777705600003]],[[13.524755802000072,54.30940815500003],[13.54220134600007,54.33240686400006],[13.519072223000023,54.31185113200007],[13.524755802000072,54.30940815500003]],[[12.52643772600004,54.36269087800008],[12.52817359200003,54.366702789000044],[12.524947755000028,54.365364200000045],[12.52643772600004,54.36269087800008]],[[12.528543537000076,54.36850288100004],[12.522948600000063,54.368093868000074],[12.526974928000072,54.36717360800003],[12.528543537000076,54.36850288100004]],[[12.524071651000042,54.37033337500003],[12.522531388000061,54.37392267900003],[12.518584844000031,54.37222750300003],[12.524071651000042,54.37033337500003]],[[12.584531152000068,54.375337829000046],[12.584889935000035,54.380712075000076],[12.580441213000029,54.37710558800006],[12.584531152000068,54.375337829000046]],[[12.662395367000045,54.40484528500008],[12.65865743300003,54.40827435500006],[12.65632322600004,54.40657480100003],[12.662395367000045,54.40484528500008]],[[12.729774999000028,54.404902856000035],[12.724436019000052,54.41242209600006],[12.718130044000077,54.405268497000066],[12.729774999000028,54.404902856000035]],[[13.209216093000066,54.401095430000055],[13.217181631000074,54.39770394300007],[13.220257594000032,54.40053776900004],[13.209216093000066,54.401095430000055]],[[12.67114366800007,54.41619666500003],[12.670447739000053,54.42096139800003],[12.668610393000051,54.41847407000006],[12.67114366800007,54.41619666500003]],[[12.637304885000049,54.41609817700004],[12.638030613000069,54.42354234600003],[12.635358722000035,54.42209910200006],[12.637304885000049,54.41609817700004]],[[12.725525782000034,54.42716916300003],[12.723620915000026,54.42964578200008],[12.723097336000023,54.42786766900008],[12.725525782000034,54.42716916300003]],[[12.695731841000054,54.431032721000065],[12.67728061300005,54.41595836800008],[12.730906878000042,54.416364970000075],[12.724080534000052,54.425373421000074],[12.695731841000054,54.431032721000065]],[[12.929293206000068,54.42728750400005],[12.929686820000029,54.43015429700006],[12.923224697000023,54.43303882100008],[12.929293206000068,54.42728750400005]],[[13.117881802000056,54.42671122300004],[13.123002705000033,54.42885799800007],[13.116617763000022,54.43084460500006],[13.117881802000056,54.42671122300004]],[[12.970146868000029,54.43642168700006],[12.971534230000032,54.44047778000004],[12.96778918700005,54.43846849400006],[12.970146868000029,54.43642168700006]],[[12.960567523000066,54.437220799000045],[12.930027254000038,54.44306053200006],[12.923932429000047,54.434793279000075],[12.960567523000066,54.437220799000045]],[[12.981733956000028,54.442196109000065],[12.973554356000022,54.441356496000026],[12.981968408000057,54.43750144900008],[12.981733956000028,54.442196109000065]],[[12.988483091000035,54.44372793700006],[12.989248480000072,54.44511028900007],[12.986984440000072,54.444042696000054],[12.988483091000035,54.44372793700006]],[[13.050677148000034,54.46023989100007],[13.033047795000073,54.44680497200005],[12.998245452000049,54.44740629700004],[12.984373402000074,54.43579780300007],[12.973263387000031,54.440403745000026],[12.973190030000069,54.43455816800008],[12.988628866000056,54.43399199800007],[13.01563795100003,54.443674016000045],[13.041558353000028,54.44243454800005],[13.058989312000051,54.45119964200006],[13.050677148000034,54.46023989100007]],[[13.203125811000064,54.46160903200007],[13.199219675000052,54.46170417700006],[13.19866521800003,54.457295962000046],[13.203125811000064,54.46160903200007]],[[13.211499781000043,54.465296902000034],[13.209070696000026,54.46438219200007],[13.210347675000037,54.46364110700006],[13.211499781000043,54.465296902000034]],[[13.207316260000027,54.465373543000055],[13.206325504000063,54.466673341000046],[13.203811457000029,54.46587270400005],[13.207316260000027,54.465373543000055]],[[13.22282470600004,54.46500956400007],[13.213227299000039,54.467059035000034],[13.213723127000037,54.464483924000035],[13.22282470600004,54.46500956400007]],[[13.080708558000026,54.47451809300003],[13.082809620000035,54.47687552000008],[13.079930234000074,54.47571706600007],[13.080708558000026,54.47451809300003]],[[13.183614944000055,54.49396426200008],[13.143480888000056,54.47798400700003],[13.120411481000076,54.44435430600004],[13.16067583000006,54.448981539000044],[13.187379361000069,54.465613473000076],[13.225492598000073,54.47067782800008],[13.224841601000037,54.48660693700003],[13.183614944000055,54.49396426200008]],[[13.169002980000073,54.506628326000055],[13.155170991000034,54.50665559600003],[13.164879447000033,54.50212107200008],[13.169002980000073,54.506628326000055]],[[13.301308145000064,54.540624957000034],[13.298631158000035,54.53909864900004],[13.302844395000022,54.53754504900007],[13.301308145000064,54.540624957000034]],[[13.118569020000052,54.53893293500005],[13.122935626000071,54.54984673600006],[13.116957671000023,54.54685862000008],[13.118569020000052,54.53893293500005]],[[13.146787184000061,54.603354280000076],[13.097973357000058,54.59062082400004],[13.098432827000067,54.55864442300003],[13.060965314000043,54.47876005400008],[13.064966655000035,54.45773218200003],[13.084632444000022,54.51916063300007],[13.116746715000033,54.537663904000055],[13.111421835000044,54.584668504000035],[13.14135067500007,54.59884820800005],[13.134423353000045,54.58847004800003],[13.144994919000055,54.57364889300004],[13.146595739000077,54.59551630900006],[13.157957930000066,54.57371941000008],[13.146787184000061,54.603354280000076]],[[14.412381009000057,53.32959336200008],[14.390322323000078,53.35370943300006],[14.371281485000054,53.45643954900004],[14.358030170000063,53.457314575000055],[14.350647881000043,53.49600626700004],[14.32688289600003,53.503810490000035],[14.302557318000026,53.55340466200005],[14.316948094000054,53.61806704600008],[14.283849904000022,53.63444307100008],[14.284644201000049,53.658800376000045],[14.270896416000028,53.66529523300005],[14.283681258000058,53.682503980000035],[14.266808446000027,53.69870465400004],[14.266948570000068,53.75348675200007],[14.28359583300005,53.77230294700007],[14.270424931000036,53.78994875800004],[13.986859914000036,53.81220820000004],[13.822463700000071,53.847704555000064],[13.82615377600007,53.87762814100006],[13.914106243000049,53.92185745900008],[13.881314850000024,53.949795091000055],[13.852625101000058,53.95275542300004],[13.833821624000052,53.984428629000035],[13.743604332000075,54.02871742900004],[13.782645260000038,54.04754293700006],[13.77380634800005,54.059802088000026],[13.808750797000073,54.10045250600007],[13.747314705000065,54.134595809000075],[13.749066129000028,54.13978287400005],[13.69738920900005,54.14892290700004],[13.718302120000033,54.163229569000066],[13.70625838500007,54.17118193200008],[13.62347648900004,54.139660512000034],[13.48598828300004,54.12277805200006],[13.476949022000042,54.115754191000065],[13.501854179000077,54.08710929500006],[13.489404454000066,54.08384578400006],[13.45884755000003,54.09066095000003],[13.406736829000067,54.14703561300007],[13.41928378800003,54.17283972900003],[13.394404991000044,54.18121048900008],[13.399804828000072,54.16964341200003],[13.316391961000022,54.16012549900006],[13.37128361300006,54.18176564100003],[13.326608185000055,54.18382359800006],[13.29122909800003,54.23403459800005],[13.215672970000071,54.24121221100006],[13.18533694100006,54.26634254700008],[13.142765861000044,54.25365470300005],[13.178427337000073,54.26927398000004],[13.132873048000022,54.279414934000044],[13.13893506200003,54.31929075600004],[13.185501312000042,54.30001904400007],[13.154112258000055,54.30464262900006],[13.141667486000074,54.28092434600006],[13.192975340000032,54.29709023300006],[13.19954189200007,54.26991824600003],[13.217800847000035,54.27930802800006],[13.268173002000026,54.253729726000074],[13.321518896000043,54.25807676100004],[13.30968821600004,54.26570288200003],[13.336708766000072,54.27856150700006],[13.321679408000023,54.24566235300006],[13.290848629000038,54.25128307500006],[13.393587180000054,54.22097130900005],[13.424720027000035,54.23854552600005],[13.417371901000024,54.25582429800005],[13.364478088000055,54.26410379200007],[13.36937216900003,54.25417734600006],[13.35795928300007,54.24667726300004],[13.35082142300007,54.26983544400008],[13.390755697000031,54.27945028600004],[13.386721413000032,54.26656153500005],[13.419602259000044,54.30278898300003],[13.46190934200007,54.316406663000066],[13.454625574000033,54.33609271900008],[13.575317964000021,54.352998350000064],[13.614171848000069,54.33019748800007],[13.682148615000074,54.349891967000076],[13.609803577000037,54.31660384400004],[13.703623142000026,54.32630329300008],[13.645403995000038,54.29756069000007],[13.702217861000065,54.29562968500005],[13.709469868000042,54.27991229400004],[13.687040140000022,54.27994137200005],[13.724230548000037,54.27385546600004],[13.719296411000073,54.31150637200005],[13.76690940800006,54.341834489000064],[13.672937238000031,54.40120108500008],[13.613370272000054,54.403373481000074],[13.570090090000065,54.459868535000055],[13.577997761000063,54.479614627000046],[13.59758566000005,54.476358592000054],[13.609409738000068,54.49886102500005],[13.669397383000046,54.52107268200007],[13.679808603000026,54.56248552100004],[13.634857260000047,54.58546757800008],[13.46038565200007,54.57062773200005],[13.418736462000027,54.580867245000036],[13.377238394000074,54.63555880800004],[13.428539366000052,54.66014640700007],[13.439012698000056,54.67692178900006],[13.429096602000072,54.68488300900003],[13.250612882000041,54.66045915400008],[13.219878455000071,54.640779087000055],[13.214809044000049,54.59555191100003],[13.160936900000024,54.559083361000035],[13.237939059000041,54.594187411000064],[13.22709691800003,54.625154946000066],[13.282402626000021,54.64570451900005],[13.287504452000064,54.62531443900008],[13.245451285000058,54.557832649000034],[13.332396507000055,54.581940745000054],[13.327577017000067,54.59340634900008],[13.368071412000063,54.61469746100005],[13.385335252000061,54.58072564200006],[13.446130972000049,54.55160125900005],[13.49040338900005,54.550818511000045],[13.484938043000056,54.558713021000074],[13.511133452000024,54.566114027000026],[13.491254224000045,54.558827018000045],[13.514186368000026,54.52687127100006],[13.503314556000078,54.47933388700005],[13.548100649000048,54.47490950100007],[13.546870261000038,54.456782513000064],[13.523993895000046,54.44803520500005],[13.557416425000042,54.44004500300008],[13.520060964000038,54.43391332400006],[13.542169135000051,54.427676106000035],[13.534732543000075,54.416515410000045],[13.476252417000069,54.424579],[13.48346766900005,54.44286518900003],[13.514034759000026,54.44319161000004],[13.470800934000067,54.454042764000064],[13.500801200000069,54.48228979500004],[13.448382098000025,54.47438155100008],[13.412582536000059,54.49376865500005],[13.414581682000062,54.519874954000045],[13.376176824000026,54.55983699900003],[13.354363926000076,54.54736849300008],[13.387669796000068,54.53125660100005],[13.344493904000046,54.521397602000036],[13.361436903000026,54.54338239200007],[13.336091572000043,54.54850165700003],[13.37066718400007,54.57708447500005],[13.355024411000045,54.58103198100008],[13.297227363000047,54.552434454000036],[13.312115825000035,54.52442382400005],[13.30490476400007,54.51411689500003],[13.287938660000066,54.52210751600006],[13.28941708700006,54.54163532500007],[13.243706167000028,54.55556790500003],[13.144180806000065,54.54696566600006],[13.170685142000025,54.50783282800006],[13.231376325000042,54.51089802000007],[13.228588371000058,54.48544219200005],[13.270112699000038,54.47988865600007],[13.199987704000023,54.44802557600008],[13.17058619100004,54.45372846300006],[13.149423427000045,54.42813434000004],[13.211861745000022,54.42994407600003],[13.232403834000024,54.40377200300003],[13.249340035000046,54.40788186000003],[13.254837851000048,54.40571072500006],[13.230236185000024,54.39737250100006],[13.260337439000068,54.380453844000044],[13.220442548000051,54.367729154000074],[13.129931726000052,54.37209273800005],[13.113686682000036,54.33477905400008],[13.12910357900006,54.32114076600004],[13.079840947000037,54.35294526900003],[13.093836244000045,54.36577614300006],[13.082578376000072,54.379430385000035],[13.025666122000075,54.39650689500007],[13.034273547000055,54.43168896800006],[13.015778022000063,54.43939322600005],[12.897716255000034,54.40167037100008],[12.878088494000053,54.36499794000008],[12.80966360900004,54.34360109200003],[12.786491815000034,54.39644471000008],[12.755854630000044,54.370560272000034],[12.744056327000067,54.38406085400004],[12.719540385000073,54.373110473000054],[12.715109918000053,54.398701294000034],[12.700087770000039,54.39848329500006],[12.688406841000074,54.36813466000007],[12.676439896000034,54.370578660000035],[12.69348491200003,54.38608120100008],[12.685111923000022,54.39652515500006],[12.714610037000057,54.403968501000065],[12.66852523700004,54.40813344700007],[12.667457392000074,54.40441610800008],[12.658492654000042,54.40305860600006],[12.671370199000023,54.39094565700003],[12.596852752000075,54.37181180500005],[12.594571143000053,54.35812238500006],[12.553757069000028,54.37958553900006],[12.534333524000033,54.365175597000075],[12.553294778000065,54.356141508000064],[12.535702203000028,54.33842926500006],[12.473091152000052,54.32960979300003],[12.478728044000036,54.30392873800008],[12.429371230000072,54.293561209000075],[12.436138350000022,54.37908880600003],[12.592285114000049,54.383636902000035],[12.577890986000057,54.404328984000074],[12.617513313000075,54.40725290000006],[12.63808160900004,54.42551240600005],[12.666362237000044,54.40864687000004],[12.668039958000065,54.41013797100004],[12.667525903000069,54.418569484000045],[12.669319030000054,54.42143967100003],[12.693160015000046,54.43225405900006],[12.721032708000052,54.432374597000035],[12.74047164600006,54.41511153700003],[12.801847089000034,54.40869883500005],[12.926951676000044,54.42796397400008],[12.915394375000062,54.43882918800006],[12.920989457000076,54.44509465300007],[12.560918153000046,54.45472725900004],[12.522122122000042,54.486566151000034],[12.340871765000031,54.30054807300007],[12.192888292000077,54.24099205500005],[12.127472193000074,54.186061050000035],[12.093694654000046,54.185417192000045],[12.100993421000055,54.16928820800007],[12.086852018000059,54.185940292000055],[11.849773748000075,54.14500207100008],[11.682936883000025,54.153271182000026],[11.608383321000076,54.10703224500003],[11.552519675000042,54.09268650300004],[11.525096768000026,54.07092635600003],[11.531759690000058,54.04918266300007],[11.604809509000063,54.102832094000064],[11.626244382000039,54.09015710800003],[11.610400843000036,54.06814043500003],[11.582608514000071,54.06368863400007],[11.58709089100006,54.04698526900006],[11.568796976000044,54.030945931000076],[11.51852742400007,54.03028601800003],[11.534008696000058,54.01964439400007],[11.490512882000075,53.99378729000006],[11.493927841000072,53.97084195800005],[11.488146277000055,53.97554058400004],[11.470157111000049,53.96536211800003],[11.482969138000044,53.96810811000006],[11.48165030000007,53.92739063000005],[11.444659176000073,53.914898495000045],[11.460437385000034,53.89549207200008],[11.403606831000047,53.921493213000076],[11.40683655500004,53.93520241600004],[11.365038223000056,53.93513886300008],[11.334459459000072,53.95897482100003],[11.288720974000057,53.93157107400003],[11.253911321000032,53.937149085000044],[11.241481071000067,53.954145065000034],[11.259721807000062,53.98353747500005],[11.207202652000035,53.98837536600007],[11.179984661000049,54.015166313000066],[11.04223928600004,54.00663971700004],[10.903661739000029,53.95682190400004],[10.895097608000071,53.924548179000055],[10.961601488000042,53.91420491000008],[10.967064611000069,53.90720486500004],[10.911023571000044,53.89795245600004],[10.911293636000039,53.91522558500003],[10.882571899000027,53.92449744800007],[10.84721081300006,53.89694307000008],[10.771051213000021,53.87318592200006],[10.747850837000044,53.83336433200003],[10.77325182800007,53.79238742100006],[10.758032962000073,53.74751747100004],[10.805916825000054,53.73920983100004],[10.81087590900006,53.72007232000004],[10.85094371200006,53.70012493000007],[10.905289034000077,53.70329428600007],[10.941766725000036,53.684542330000056],[10.938627285000052,53.665821589000075],[10.954884038000046,53.65670542500004],[10.929562994000037,53.62870715300005],[10.923795348000056,53.58418603200005],[10.863702017000037,53.56463232800007],[10.823260709000067,53.57518053600006],[10.824333999000032,53.513741234000065],[10.786431193000055,53.51045659500005],[10.756012052000074,53.483393584000055],[10.701661228000034,53.47825541700007],[10.692973050000035,53.45513809600004],[10.632308138000042,53.45480292900004],[10.616903899000022,53.38456959200005],[10.593672881000032,53.36785603800007],[10.700692790000062,53.370022808000044],[10.759653773000025,53.32998715700006],[10.835805651000044,53.30496954600005],[10.91936134100007,53.34841964600008],[10.98800062500004,53.33342650900005],[11.00945596400004,53.281479226000044],[11.080144558000029,53.22052073300006],[11.194111225000029,53.18118602900006],[11.171861639000042,53.15664420300004],[11.184573730000068,53.13642115600004],[11.226407147000032,53.143280048000065],[11.290417442000034,53.116903464000075],[11.393767787000058,53.11030257200008],[11.39562750500005,53.14000024000006],[11.46083519800004,53.14023122400005],[11.502223232000063,53.121386090000044],[11.548510908000026,53.13082253400006],[11.569364935000067,53.166094858000065],[11.551586451000048,53.20840728500008],[11.629237266000075,53.24222453700003],[11.700017775000049,53.243977965000056],[11.729329797000048,53.21715177500005],[11.828893642000025,53.22865502600007],[11.796067194000045,53.25334819600005],[11.86174684200006,53.24821692000006],[11.892603005000069,53.278981130000034],[11.95424878700004,53.273809035000056],[11.97385789200007,53.29915948900003],[12.02363949200003,53.30414308600007],[12.014610854000068,53.33442360000004],[12.05733934500006,53.34934209900007],[12.045284959000071,53.37098764500007],[12.077546787000074,53.36938681400005],[12.092089179000027,53.344856410000034],[12.151951147000034,53.36150523600003],[12.16856047400006,53.33911698000003],[12.229435329000069,53.358160532000056],[12.260207483000045,53.32391218400005],[12.310765272000026,53.32724170900008],[12.394247808000046,53.301805355000056],[12.391832331000046,53.28505686400007],[12.428008562000059,53.27498756300008],[12.445312164000029,53.24992826400006],[12.529768323000042,53.264788321000026],[12.606046712000023,53.24439545700005],[12.660557174000076,53.254409578000036],[12.675657612000066,53.24771916200007],[12.671179075000055,53.229504646000066],[12.757410986000025,53.224352804000034],[12.739492982000058,53.19960159200008],[12.764381357000048,53.18893054700004],[12.845979184000043,53.20140215400005],[12.880109598000047,53.17969011800005],[12.964244872000052,53.200391513000056],[12.97943353200003,53.19055157100007],[12.941998415000057,53.17431547000007],[13.006203606000042,53.167284675000076],[13.018727499000022,53.18524596700007],[13.10656403300004,53.21515262500003],[13.109925574000044,53.24022827600004],[13.152220904000046,53.25111397900008],[13.181914294000023,53.25073407200006],[13.202681010000049,53.22212072200006],[13.229391856000063,53.21658689600008],[13.252714248000075,53.26230544200007],[13.297801779000054,53.28089250200003],[13.360450599000046,53.27799893300005],[13.386533825000072,53.244054609000045],[13.405174674000023,53.24641823500008],[13.442401330000052,53.28648496400007],[13.43820812100006,53.29973323400003],[13.48306387200006,53.29120339600007],[13.502842524000073,53.327333245000034],[13.523531386000059,53.32008458400003],[13.516854329000068,53.35209251500004],[13.556369896000035,53.376092380000046],[13.550112204000072,53.399081272000046],[13.625216954000052,53.409302567000054],[13.640500227000075,53.44723875200003],[13.71539978100003,53.482260877000044],[13.812079406000066,53.483943984000064],[13.827102382000021,53.498713707000036],[13.777657389000069,53.51370533800008],[13.791347175000055,53.558577928000034],[13.821728497000038,53.51811033900003],[13.879268139000033,53.504139956000074],[13.875591803000077,53.47346619700005],[13.918213428000058,53.455998470000054],[13.902893509000023,53.43202501500008],[13.916373270000065,53.42226627100007],[14.001216932000034,53.43499156300004],[14.08222394300003,53.41091170300007],[14.121843780000063,53.44170762200008],[14.176961664000032,53.42286728900007],[14.237712313000031,53.42734197800007],[14.243144164000057,53.39232073000005],[14.223406622000027,53.358563229000026],[14.098817346000033,53.26167191500008],[14.266048356000056,53.25959485200008],[14.262188670000057,53.27660236100007],[14.301854254000034,53.28622360900005],[14.316569422000043,53.31233554700003],[14.412381009000057,53.32959336200008]]]}},{"type":"Feature","id":"10402087B38053019909436","properties":{"admin_level":"4","name":"Niedersachsen","source":"geoBoundaries / BKG"},"geometry":{"type":"MultiLineString","coordinates":[[[6.865011210000034,53.59110167800003],[6.863570872000025,53.588863538000055],[6.868922264000048,53.59189273800007],[6.865011210000034,53.59110167800003]],[[6.813217991000045,53.60233809300007],[6.656498905000035,53.60793327500005],[6.639255128000059,53.59337343100003],[6.74738521300003,53.55739919200005],[6.75729067900005,53.56797171900007],[6.717594664000046,53.58352082300007],[6.813217991000045,53.60233809300007]],[[6.910214479000047,53.643757246000064],[6.905670646000033,53.65224129300003],[6.865525644000058,53.63926221300005],[6.897920419000059,53.627214578000064],[6.910214479000047,53.643757246000064]],[[7.099752608000074,53.680949809000026],[6.977640663000045,53.68140437400007],[6.863330437000059,53.66880209400006],[6.853592539000033,53.66331717500003],[7.099752608000074,53.680949809000026]],[[7.346950825000022,53.72416648800004],[7.18714981100004,53.722801943000036],[7.137296138000067,53.70697553800005],[7.270238321000022,53.703690351000034],[7.346950825000022,53.72416648800004]],[[7.430013872000075,53.72417952400008],[7.39386034100005,53.736137341000074],[7.359472285000038,53.72690739700005],[7.364279332000024,53.72031958300005],[7.430013872000075,53.72417952400008]],[[7.642707838000035,53.75361088600005],[7.479802091000067,53.75436031900006],[7.460545220000029,53.72480064800004],[7.505413664000059,53.72368327200007],[7.511634226000069,53.74326024100003],[7.642707838000035,53.75361088600005]],[[7.726599277000048,53.78184416600004],[7.665430907000029,53.760026141000026],[7.682719390000045,53.750928712000075],[7.815279434000047,53.77702595400007],[7.726599277000048,53.78184416600004]],[[7.885377132000031,53.79455315600006],[7.846417509000048,53.78797509700007],[7.864772767000034,53.77306732000005],[7.875557601000025,53.78857649100007],[7.977601277000076,53.77657526000007],[7.885377132000031,53.79455315600006]],[[11.265731921000054,53.12197789600003],[11.226407147000032,53.143280048000065],[11.184573730000068,53.13642115600004],[11.171861639000042,53.15664420300004],[11.194111225000029,53.18118602900006],[11.090079358000025,53.21425727400003],[11.00945596400004,53.281479226000044],[10.98800062500004,53.33342650900005],[10.928245165000021,53.34811826400005],[10.835805651000044,53.30496954600005],[10.759653773000025,53.32998715700006],[10.700692790000062,53.370022808000044],[10.576908652000043,53.35990898300008],[10.364989035000065,53.42627524100004],[10.307954146000043,53.433201104000034],[10.236567868000066,53.39575369100004],[10.175688643000058,53.39658250000008],[10.051810704000047,53.46391894000004],[10.045738931000074,53.44674105200005],[10.020944605000068,53.44686279200005],[10.029273488000058,53.43516433100007],[9.98443287200007,53.41541377900006],[9.949211967000053,53.43094997500003],[9.906566145000056,53.415790911000045],[9.921486178000066,53.43655015100006],[9.899237224000046,53.45759656400003],[9.862387477000027,53.429876593000074],[9.799804376000054,53.46963746900008],[9.802426170000047,53.493251540000074],[9.763793944000042,53.50810650500006],[9.77832012600004,53.51946144900006],[9.765441705000057,53.541114563000065],[9.774388785000042,53.55432306000006],[9.675759963000075,53.56468869500003],[9.550629934000028,53.61601357400008],[9.502180848000023,53.69680511300004],[9.433311108000055,53.73197795300007],[9.367622174000076,53.808589305000055],[9.289727751000044,53.86335074300007],[9.101771150000047,53.863480637000066],[9.018512746000056,53.83484122600004],[8.824783725000032,53.831115587000056],[8.774857737000048,53.83742243900008],[8.669284524000034,53.89166608000005],[8.614913870000066,53.88211822400007],[8.56606034400005,53.84595761300005],[8.483350548000033,53.69478407200006],[8.483953343000053,53.655912767000075],[8.520410363000053,53.606204880000064],[8.592283300000076,53.59293261300007],[8.65063238700003,53.60256522100008],[8.616802851000045,53.57437003800004],[8.646354349000035,53.55554567300004],[8.650555157000042,53.51078166600007],[8.605904617000022,53.48423378800004],[8.492651892000026,53.472419761000026],[8.50348776800007,53.492967098000065],[8.552684234000026,53.51617564600008],[8.550145964000023,53.53801829400004],[8.518195474000038,53.558139244000074],[8.462112559000047,53.552893452000035],[8.38447061000005,53.57390633500006],[8.337981267000032,53.61155023400005],[8.291095860000041,53.612920718000055],[8.242972666000071,53.58239792400008],[8.226915998000038,53.520083713000076],[8.309414834000052,53.52282044700007],[8.314562544000069,53.456512916000065],[8.250797254000076,53.398551257000065],[8.189775067000028,53.40959527000007],[8.147046658000022,53.450052277000054],[8.097738191000076,53.44610188200005],[8.075558916000034,53.46256986600008],[8.06234064900002,53.50566758900004],[8.154330152000057,53.51355472100005],[8.17097482500003,53.54047017600004],[8.142359621000026,53.579668380000044],[8.155599196000026,53.58575279900003],[8.148863794000022,53.60183230700005],[8.123346059000028,53.59860891800008],[8.086670665000042,53.64363812900007],[8.04469408400007,53.641408461000026],[8.022061847000032,53.682905505000065],[8.03162293400004,53.705743116000065],[8.00872870400002,53.712134924000054],[7.703838768000026,53.70351795500005],[7.527114210000036,53.671499796000035],[7.342866804000039,53.685506289000045],[7.24306473200005,53.66853916200006],[7.156217075000029,53.63017230400004],[7.087254228000063,53.57109162900008],[7.129998988000068,53.53235998200006],[7.085946356000022,53.52142583500006],[7.034145451000029,53.54567023100003],[7.048688447000075,53.50807189200003],[7.024107547000028,53.48237145100006],[6.997958942000025,53.37136721600007],[7.028705462000062,53.33633698500006],[7.265760916000033,53.32719714900003],[7.191115728000057,53.317601567000054],[7.216926628000067,53.21446460300007],[7.207959576000064,53.18848438100008],[7.227095145000021,53.18048924500005],[7.203742651000027,53.17649963700006],[7.178938346000052,53.138142584000036],[7.202794359000052,53.11328165100008],[7.217281327000023,53.00698383500003],[7.181569824000064,52.94130385100004],[7.087323856000069,52.84992858800007],[7.055577137000057,52.64336989100008],[7.041866613000025,52.632680503000074],[6.873112273000061,52.653116658000044],[6.752644481000061,52.64813256000008],[6.710086444000069,52.62731869800007],[6.727139788000045,52.61505111500003],[6.718713,52.58868427800007],[6.766621548000046,52.56151258300008],[6.680868310000051,52.553336399000045],[6.705367224000042,52.520264319000034],[6.697720003000029,52.48634521400004],[6.753103465000038,52.46379697400005],[6.854307604000041,52.45959874600004],[6.941683815000033,52.43548963300003],[6.99180270200003,52.467452568000056],[7.010888673000068,52.42907306700005],[7.058798136000064,52.39933158500003],[7.072191568000051,52.37341243900005],[7.026305100000059,52.287444125000036],[7.065868436000073,52.241258981000044],[7.153168307000044,52.266512540000065],[7.297889793000024,52.26397512500006],[7.504727356000046,52.36084370000003],[7.582104209000022,52.37640390400003],[7.571322355000063,52.381235064000066],[7.602719468000032,52.421030693000034],[7.564310993000049,52.432312214000035],[7.604230451000035,52.47509025800008],[7.688382443000023,52.45367265600004],[7.713825102000044,52.40100238000008],[7.807088759000067,52.37142703100005],[7.891770368000039,52.380512983000074],[7.936669994000056,52.36497725800007],[7.948563556000067,52.33512761000003],[7.99060804800007,52.30953959200008],[7.931790149000051,52.30184607400008],[7.930761565000068,52.28642208600007],[7.956465027000036,52.27249058000007],[7.925623714000039,52.26281446300004],[7.926551191000044,52.226512383000056],[7.902993338000044,52.198869288000026],[7.933986825000034,52.17692188800004],[8.02518863900002,52.163509515000044],[7.997386120000044,52.15447999000003],[8.007796129000042,52.11533314600007],[7.885163361000025,52.08353476100007],[7.916921271000035,52.05163721400004],[7.981101713000044,52.035510017000036],[8.032748467000033,52.06844093600006],[8.096448168000052,52.057145183000046],[8.151526689000036,52.07636442200004],[8.192494537000073,52.07261933800004],[8.266731884000023,52.13228120400004],[8.404937059000076,52.11148888900004],[8.412881586000026,52.137605645000065],[8.51743732400007,52.18495045100008],[8.44239179400006,52.213306817000046],[8.468063211000072,52.247113668000054],[8.457971600000064,52.301996692000046],[8.47214914400007,52.31536409600005],[8.442614889000026,52.35900989100003],[8.314038742000037,52.405728245000034],[8.322037248000072,52.426162],[8.297213681000073,52.456497908000074],[8.418134680000037,52.44442150400005],[8.454290060000062,52.46100706400006],[8.458861053000021,52.49167228600004],[8.50884853100007,52.51469337700007],[8.556857517000026,52.49909565400003],[8.652550124000072,52.531443429000035],[8.702061806000074,52.50347337900007],[8.703326107000066,52.44319480100006],[8.718080685000075,52.429362912000045],[8.707486373000052,52.395351266000034],[8.855101141000034,52.38923412500003],[8.892460430000028,52.405709424000065],[8.937104972000043,52.40190619900005],[8.941128430000049,52.41632332800003],[8.987056167000048,52.43251642300004],[8.978418282000064,52.450721617000056],[9.017038180000043,52.460170394000045],[9.05229369500006,52.50011380500007],[9.09942042800003,52.49747790200007],[9.136708747000057,52.475545630000056],[9.094530001000066,52.44282393700007],[9.123766661000047,52.42154768900008],[9.121595840000055,52.40166231900008],[9.095461469000043,52.38666204500004],[9.083660408000071,52.354788874000064],[8.998320816000046,52.32621485400006],[8.988077145000034,52.28756898900008],[8.963536743000077,52.27902697600007],[8.974870267000028,52.26255532000005],[9.076449076000074,52.23257834100008],[9.035759915000028,52.22452507300005],[9.04534921000004,52.18377344800007],[8.985833623000076,52.19459859500006],[9.021603182000035,52.17199904100005],[9.011015900000075,52.13577000600003],[9.071614899000053,52.14825880500007],[9.153344073000028,52.129146680000076],[9.159335104000036,52.119840228000044],[9.132977916000073,52.09662945400004],[9.155604698000047,52.097829872000034],[9.193280775000062,52.070311341000036],[9.172169130000043,52.047370553000064],[9.197352970000054,52.01167140000007],[9.179261562000022,52.00269033100005],[9.196793757000023,51.996917102000054],[9.176231466000047,51.98035269400003],[9.208896029000073,51.95985529300003],[9.216921993000028,51.973624217000065],[9.274375359000032,51.97360359800007],[9.286323836000065,51.957109744000036],[9.263912830000038,51.948053550000054],[9.272069028000033,51.93230420900005],[9.340841883000053,51.90800232500004],[9.34432657800005,51.880201095000075],[9.323343736000027,51.855060964000074],[9.45964873500003,51.86279742900007],[9.433314686000074,51.84066638100006],[9.442178495000064,51.82922116900005],[9.427329971000063,51.810491916000046],[9.448156882000035,51.79479941100004],[9.375365201000022,51.74361401800007],[9.401664935000042,51.70165616400004],[9.374661799000023,51.64984558400005],[9.494612786000062,51.65736291300004],[9.491929532000029,51.634721582000054],[9.515027493000048,51.62627026300004],[9.543630864000022,51.639866690000076],[9.570707597000023,51.62471977700005],[9.625999284000045,51.63691397000008],[9.637835474000042,51.60880481200007],[9.679808991000073,51.58796119900006],[9.684003674000053,51.566532659000075],[9.626830884000071,51.58197606400006],[9.647755440000026,51.552510968000036],[9.609310282000024,51.55690536800006],[9.61883206500005,51.53010306900006],[9.586259150000046,51.51931892500005],[9.643813808000061,51.469160043000045],[9.627620523000076,51.44420867500003],[9.643581790000042,51.418260728000064],[9.579345406000073,51.40176887900003],[9.559622524000076,51.380738500000064],[9.576969688000077,51.36962914900005],[9.548441127000046,51.35895530100004],[9.568024929000046,51.34000146000005],[9.581656973000065,51.34219633600003],[9.604434635000075,51.325555852000036],[9.617242033000025,51.32792927600008],[9.63336591500007,51.32585405000003],[9.638543097000024,51.32239212600007],[9.628524068000047,51.31190258700008],[9.669385916000067,51.317710858000055],[9.73230439300005,51.29523190100008],[9.768200360000037,51.30672614100007],[9.772456280000029,51.33629096700008],[9.738247707000028,51.31942876900007],[9.702143787000068,51.364571795000074],[9.80145010700005,51.38691468800005],[9.794136665000053,51.40715964700007],[9.840636601000028,51.40264157300004],[9.84010663600003,51.38359324100003],[9.86527591500004,51.371612732000074],[9.850743074000036,51.41441364700006],[9.878315341000075,51.404476944000066],[9.906021117000023,51.42113874900008],[9.931109065000044,51.392733229000044],[9.928338772000075,51.37529875400003],[10.000375476000045,51.40365515500008],[10.009328775000029,51.420603553000035],[10.037843720000069,51.420004938000034],[10.046802958000058,51.43667335500004],[10.069108089000053,51.41843830500005],[10.08010799300007,51.43456023500005],[10.152939908000064,51.43025975900008],[10.140004545000068,51.44261411700006],[10.174306043000058,51.44625609900004],[10.178251590000059,51.47001635500004],[10.201975121000032,51.48651977000003],[10.235877850000065,51.47142827000005],[10.342275478000033,51.51949714700004],[10.378624329000047,51.56270666700004],[10.370023394000043,51.58753647800006],[10.444382462000021,51.589656210000044],[10.51897376100004,51.55376345500008],[10.60426426400005,51.57957531100004],[10.66074487700007,51.560752354000044],[10.666306959000053,51.578098684000054],[10.633084445000065,51.59845455000004],[10.64900050700004,51.60651421500006],[10.638209992000043,51.61943703600008],[10.701371992000077,51.642187644000046],[10.670507134000047,51.66691268200003],[10.66830728900004,51.709908031000055],[10.626096715000074,51.75901689600005],[10.591200480000055,51.76898765200008],[10.574202936000063,51.81086567300008],[10.588429865000023,51.835785772000065],[10.579100529000073,51.84825725500008],[10.649322126000072,51.889104935000034],[10.648214683000049,51.90824476700004],[10.613313788000028,51.921515277000026],[10.613260484000023,51.93946787400006],[10.651303746000053,51.957561078000026],[10.61994121500004,51.95767862100007],[10.561226988000044,52.00406594000003],[10.626019658000075,52.008197848000066],[10.655491985000026,52.02468661700004],[10.647886656000026,52.041720816000065],[10.687385237000058,52.04813820700008],[10.96441459700003,52.05664316000008],[10.970652820000055,52.08626494300006],[10.942159787000037,52.103090284000075],[11.04413517200004,52.13366550400008],[11.060336962000065,52.17238740800008],[11.019244599000046,52.17808702000008],[11.013646589000075,52.199556191000056],[11.086244119000071,52.228633838000064],[11.013800797000044,52.28664905000005],[11.036015160000034,52.31039603900007],[10.983673924000072,52.34168646200004],[11.057474478000074,52.35033314600008],[11.074479825000026,52.37440326600006],[11.015160053000045,52.38810680700004],[10.933745728000076,52.46095212700004],[10.949993653000035,52.49560565200005],[11.008781744000032,52.49674764500003],[10.937575735000053,52.56739965300005],[10.939817470000037,52.58957310000005],[10.975629190000063,52.60682491300008],[10.976967998000077,52.62414161800007],[10.921411939000052,52.61043708200003],[10.829703151000047,52.716135165000026],[10.796696774000054,52.71432635700006],[10.791665848000036,52.74819658000007],[10.75532124700004,52.78482963400006],[10.76469723300005,52.84047926900007],[10.93963351900004,52.85333551100007],[10.985508337000056,52.88203321200007],[11.00207578800007,52.911476649000065],[11.098675785000069,52.91287668800004],[11.093187302000047,52.89947142400007],[11.106405529000028,52.89622347900007],[11.15525787300004,52.90621056800006],[11.220645293000075,52.89766635600006],[11.241125626000041,52.87901825200004],[11.290662086000054,52.889125662000026],[11.295410670000024,52.87490689700007],[11.314250103000063,52.87823631900005],[11.505026760000021,52.94103266800005],[11.492342520000022,52.95966288400007],[11.512490564000075,53.00744492700005],[11.556416553000076,52.99866580400004],[11.597784507000028,53.03592637000003],[11.505903623000052,53.04904482900008],[11.448379406000072,53.07838158200008],[11.338867152000034,53.05509894100004],[11.273159371000077,53.09721873700005],[11.265731921000054,53.12197789600003]]]}},{"type":"Feature","id":"10402087B86022102756745","properties":{"admin_level":"4","name":"Nordrhein-Westfalen","source":"geoBoundaries / BKG"},"geometry":{"type":"MultiLineString","coordinates":[[[6.205108756000072,50.52196938800006],[6.195291313000041,50.53098147400004],[6.187262266000062,50.52708987500006],[6.192200701000047,50.52105561800005],[6.205108756000072,50.52196938800006]],[[9.440456998000059,51.650394024000036],[9.374661799000023,51.64984558400005],[9.401664935000042,51.70165616400004],[9.375365201000022,51.74361401800007],[9.448156882000035,51.79479941100004],[9.427329971000063,51.810491916000046],[9.442178495000064,51.82922116900005],[9.433314686000074,51.84066638100006],[9.46028480900003,51.85467024900004],[9.45964873500003,51.86279742900007],[9.323343736000027,51.855060964000074],[9.34432657800005,51.880201095000075],[9.340841883000053,51.90800232500004],[9.272069028000033,51.93230420900005],[9.263912830000038,51.948053550000054],[9.286323836000065,51.957109744000036],[9.274375359000032,51.97360359800007],[9.216921993000028,51.973624217000065],[9.208896029000073,51.95985529300003],[9.176231466000047,51.98035269400003],[9.196793757000023,51.996917102000054],[9.179261562000022,52.00269033100005],[9.197352970000054,52.01167140000007],[9.172169130000043,52.047370553000064],[9.193280775000062,52.070311341000036],[9.155604698000047,52.097829872000034],[9.132977916000073,52.09662945400004],[9.159335104000036,52.119840228000044],[9.153344073000028,52.129146680000076],[9.063024032000044,52.148468620000074],[9.017792062000069,52.132426673000055],[9.021603182000035,52.17199904100005],[8.985833623000076,52.19459859500006],[9.04534921000004,52.18377344800007],[9.035759915000028,52.22452507300005],[9.076449076000074,52.23257834100008],[8.974870267000028,52.26255532000005],[8.963536743000077,52.27902697600007],[8.988077145000034,52.28756898900008],[8.998320816000046,52.32621485400006],[9.027357220000056,52.34561094800006],[9.057924826000033,52.33957740300008],[9.098799448000022,52.372947658000044],[9.095461469000043,52.38666204500004],[9.125252412000066,52.41199335700003],[9.094530001000066,52.44282393700007],[9.13197374300006,52.48398266500004],[9.05229369500006,52.50011380500007],[9.017038180000043,52.460170394000045],[8.978418282000064,52.450721617000056],[8.987056167000048,52.43251642300004],[8.941128430000049,52.41632332800003],[8.937104972000043,52.40190619900005],[8.892460430000028,52.405709424000065],[8.855101141000034,52.38923412500003],[8.707486373000052,52.395351266000034],[8.718080685000075,52.429362912000045],[8.703326107000066,52.44319480100006],[8.702061806000074,52.50347337900007],[8.652550124000072,52.531443429000035],[8.556857517000026,52.49909565400003],[8.50884853100007,52.51469337700007],[8.458861053000021,52.49167228600004],[8.454290060000062,52.46100706400006],[8.418134680000037,52.44442150400005],[8.303432823000037,52.45900479900007],[8.303992534000031,52.434309109000026],[8.322037248000072,52.426162],[8.314038742000037,52.405728245000034],[8.442614889000026,52.35900989100003],[8.47214914400007,52.31536409600005],[8.457971600000064,52.301996692000046],[8.468063211000072,52.247113668000054],[8.44239179400006,52.213306817000046],[8.51743732400007,52.18495045100008],[8.412881586000026,52.137605645000065],[8.404937059000076,52.11148888900004],[8.266731884000023,52.13228120400004],[8.192494537000073,52.07261933800004],[8.151526689000036,52.07636442200004],[8.096448168000052,52.057145183000046],[8.032748467000033,52.06844093600006],[7.981101713000044,52.035510017000036],[7.916921271000035,52.05163721400004],[7.885163361000025,52.08353476100007],[8.007796129000042,52.11533314600007],[7.997386120000044,52.15447999000003],[8.023015027000042,52.16017968500006],[8.016978013000028,52.172050701000046],[7.933986825000034,52.17692188800004],[7.899840167000036,52.20682861200004],[7.926551191000044,52.226512383000056],[7.925623714000039,52.26281446300004],[7.956465027000036,52.27249058000007],[7.930761565000068,52.28642208600007],[7.931790149000051,52.30184607400008],[7.99060804800007,52.30953959200008],[7.948563556000067,52.33512761000003],[7.936669994000056,52.36497725800007],[7.891770368000039,52.380512983000074],[7.807088759000067,52.37142703100005],[7.713825102000044,52.40100238000008],[7.688382443000023,52.45367265600004],[7.604230451000035,52.47509025800008],[7.564310993000049,52.432312214000035],[7.602719468000032,52.421030693000034],[7.571322355000063,52.381235064000066],[7.582104209000022,52.37640390400003],[7.504727356000046,52.36084370000003],[7.297889793000024,52.26397512500006],[7.153168307000044,52.266512540000065],[7.03897020200003,52.22764717600006],[6.985109800000032,52.22528623300008],[6.951315878000059,52.18100676600005],[6.906802156000026,52.17517608700007],[6.855393157000037,52.12043428800007],[6.760630183000046,52.118723017000036],[6.751215832000071,52.08549339700005],[6.69465294500003,52.06980283300004],[6.687725947000047,52.039899167000044],[6.752642021000042,52.02864713200006],[6.82657389000002,51.993532016000074],[6.832877162000045,51.97184182600006],[6.732607205000022,51.89870714300008],[6.684230647000049,51.91761756300008],[6.472575542000072,51.853808455000035],[6.390815829000076,51.87393384500007],[6.409190007000063,51.85233189600007],[6.401752482000063,51.827292286000045],[6.346811817000059,51.85064718600006],[6.306560848000061,51.84921544000008],[6.279517512000041,51.87408435300006],[6.215439031000074,51.86779597000003],[6.169563979000031,51.901340979000054],[6.118046671000059,51.901669637000055],[6.103341257000068,51.89261697400008],[6.137377108000067,51.88558513800007],[6.166815206000024,51.860969743000055],[6.16640764300007,51.84083471900004],[6.063382485000034,51.86544393500003],[6.035009645000059,51.842865232000065],[5.945029570000031,51.82365634400003],[5.990531851000071,51.78318768200006],[5.990529297000023,51.76624483300003],[5.952021667000054,51.74909912000004],[5.955123398000069,51.73806526200008],[6.029083903000071,51.725679178000064],[6.044985345000043,51.71697953100005],[6.026395647000072,51.709278072000075],[6.03072258800006,51.677113244000054],[6.118240238000055,51.65608621900003],[6.091235346000076,51.60590931100006],[6.212084664000031,51.51337840700006],[6.22317152100004,51.46893203900004],[6.205219800000066,51.39951830700005],[6.226378866000061,51.39965693600004],[6.214416332000042,51.38962940500005],[6.226129918000026,51.36051764700005],[6.168622607000032,51.332949248000034],[6.124480767000023,51.274584891000075],[6.072656925000047,51.24258730400004],[6.085775801000068,51.22260545100005],[6.067974200000037,51.22051409300008],[6.082306252000024,51.171638425000026],[6.165018325000062,51.19436064300004],[6.18069893400002,51.18642547200005],[6.138811263000036,51.173333125000056],[6.175415267000062,51.15847977400006],[6.091868348000048,51.134973968000054],[5.997787242000072,51.084259314000064],[5.957887701000061,51.034709984000074],[5.938114703000053,51.03514072300004],[5.913170487000059,51.06673113700003],[5.867096631000038,51.04667907900006],[5.905518057000052,51.002159678000055],[5.897198106000076,50.974845396000035],[6.026435005000053,50.98327404500003],[6.005263992000039,50.95683637800005],[6.018160184000067,50.93443677100004],[6.093924752000021,50.92132546500005],[6.075313039000036,50.89340045000006],[6.088189822000061,50.87243381500008],[6.073980156000061,50.84678026000006],[6.054839995000066,50.857353501000034],[6.018875020000053,50.84627442800007],[6.025050641000064,50.81416449900007],[5.97486142300005,50.797972953000055],[6.027798682000025,50.77373360100006],[6.018323664000036,50.76317216400008],[6.040480906000028,50.74551257600007],[6.039029649000042,50.71837811200004],[6.115293948000044,50.722114023000074],[6.16528106100003,50.66278981600004],[6.188022601000057,50.665145316000064],[6.195538593000038,50.66293110500004],[6.197130958000059,50.65673728300004],[6.183974264000028,50.64711157100004],[6.187662378000027,50.641110111000046],[6.231505208000044,50.64998255300003],[6.266895404000024,50.64152787300003],[6.273982673000035,50.628205594000065],[6.236760624000055,50.56625280700007],[6.19699543400003,50.531031951000045],[6.207160032000047,50.524272832000065],[6.226631720000057,50.494368663000046],[6.269941266000046,50.50451177100007],[6.351259021000033,50.488267792000045],[6.340231706000054,50.46259128000003],[6.371823937000045,50.45558235500005],[6.377623397000036,50.43938897400005],[6.342218728000034,50.38000552700004],[6.398321002000046,50.345660947000056],[6.405028255000047,50.32330869300006],[6.425294811000072,50.32301195400004],[6.42406186200003,50.33382680500006],[6.38500583900003,50.38418665900008],[6.413042934000032,50.38948596200004],[6.420877816000029,50.368903042000056],[6.461162141000045,50.359026861000075],[6.451615287000038,50.33642410300007],[6.603085713000041,50.38822220600008],[6.604088071000035,50.37511937700003],[6.627430004000075,50.37191721800008],[6.623559011000054,50.35162698100004],[6.649958652000066,50.34816773500006],[6.667350811000063,50.371967760000075],[6.699244644000032,50.336097402000064],[6.800711449000062,50.36178133700008],[6.769311744000049,50.39274798000008],[6.785122975000036,50.420633303000045],[6.745523503000072,50.435929558000055],[6.766624285000034,50.45864375700006],[6.744603261000066,50.47263046000006],[6.800937205000025,50.49131916700003],[6.858573833000037,50.45326582300004],[6.901481603000036,50.46909197900004],[6.907069078000063,50.50264234600007],[6.882098443000075,50.526949442000046],[6.929349707000029,50.533143231000054],[6.930971323000051,50.560452256000076],[6.998096295000039,50.56504990600007],[7.056131464000032,50.60624076100004],[7.087431034000076,50.58601195000006],[7.115121105000071,50.61178614600004],[7.147851587000048,50.60029328200005],[7.18983890800007,50.62389544500007],[7.203786635000029,50.64966041100007],[7.212399645000062,50.62340492100003],[7.333480804000033,50.638396070000056],[7.358976516000041,50.64949362200008],[7.372062799000048,50.68210706600007],[7.357136449000052,50.69790389600007],[7.374010755000029,50.71821864300006],[7.443150861000049,50.71119678800005],[7.551900377000038,50.74634314600007],[7.592374858000028,50.74054539400004],[7.601042634000066,50.766312955000046],[7.655450742000028,50.76786954500005],[7.682222419000027,50.795368531000065],[7.661003633000064,50.820364305000055],[7.69942710600003,50.82501145200007],[7.729342105000057,50.85052279100006],[7.76218749700007,50.845134408000035],[7.748309881000068,50.86721679400006],[7.760427260000029,50.900393948000044],[7.735459232000039,50.91776539300008],[7.792810759000076,50.942335093000054],[7.851495862000036,50.925832410000055],[7.829263584000046,50.88238662200007],[7.978313123000021,50.83331176400003],[7.964248181000073,50.783822490000034],[8.040325987000074,50.72565709300005],[8.039689942000052,50.69737534700005],[8.099173321000023,50.70355792600003],[8.125776743000074,50.68581405100008],[8.166828990000056,50.73571067900008],[8.12551194100007,50.78835590800003],[8.269666509000047,50.88187564800006],[8.292017197000064,50.88213579300003],[8.305473258000063,50.86112059000004],[8.358600176000039,50.86069003400007],[8.433426238000038,50.91823903900007],[8.456441092000034,50.91653052300006],[8.459665449000056,50.966650249000054],[8.538782178000076,51.01944843100006],[8.505143530000055,51.04143322200008],[8.527572852000048,51.06289413500008],[8.503230088000066,51.07457687500005],[8.508022760000074,51.085387515000036],[8.551019821000068,51.10276424400007],[8.656632492000028,51.09490320000003],[8.719655316000058,51.11032615500005],[8.692161804000023,51.132834142000036],[8.758214362000047,51.17718172900004],[8.749501813000052,51.19773170000008],[8.768194376000054,51.20887368400008],[8.741697463000037,51.218423262000044],[8.721997745000067,51.27374380600003],[8.609212360000072,51.24668844100006],[8.556347796000068,51.27749475200005],[8.621098213000039,51.33652789700005],[8.653654042000028,51.33978950100004],[8.693811209000046,51.37678475300004],[8.93950200300003,51.38949902300004],[8.948108682000054,51.42821888800006],[8.918786788000034,51.43028542900004],[8.921783452000057,51.44605382100008],[8.890376608000054,51.481928278000055],[9.01764946000003,51.51823896600007],[9.092328869000028,51.49438795300006],[9.077185433000068,51.46487161300007],[9.094329852000044,51.44459823100004],[9.15840769600004,51.44309608400005],[9.185100362000071,51.466333563000035],[9.216465954000057,51.45959399900005],[9.225184633000026,51.489837273000035],[9.308324697000046,51.51264327500007],[9.31703096900003,51.55236555000005],[9.373522628000046,51.59101373400006],[9.337098312000023,51.61470157000008],[9.426669032000063,51.63081381000006],[9.440456998000059,51.650394024000036]],[[6.237931246000073,50.57785408800004],[6.225180521000027,50.59045702900005],[6.174412224000037,50.557514351000066],[6.178032319000067,50.541606701000035],[6.196654860000024,50.53616598100007],[6.237931246000073,50.57785408800004]],[[6.181838384000059,50.62375983800007],[6.270916792000037,50.62901773700003],[6.231521954000073,50.648035529000026],[6.214650622000022,50.63921017300004],[6.188229186000058,50.63925783900004],[6.182378585000038,50.64695001200005],[6.166590343000053,50.643687285000055],[6.181838384000059,50.62375983800007]],[[6.183854755000027,50.64886466300004],[6.188728225000034,50.66332644600004],[6.166980126000055,50.661020551000036],[6.183854755000027,50.64886466300004]]]}},{"type":"Feature","id":"10402087B42728698084544","properties":{"admin_level":"4","name":"Rheinland-Pfalz","source":"geoBoundaries / BKG"},"geometry":{"type":"MultiLineString","coordinates":[[[8.422439263000058,49.583385415000066],[8.381985162000035,49.62728359000005],[8.357266999000046,49.69214161200006],[8.435958648000053,49.720989392000035],[8.479186194000022,49.76421191700007],[8.416297386000053,49.77386768700006],[8.378448621000075,49.824820085000056],[8.383583802000032,49.85567786200005],[8.344010057000048,49.88010932000003],[8.354723212000067,49.91321317300003],[8.340963698000053,49.95107573800004],[8.272350266000046,50.01029608300007],[8.180949141000042,50.035205982000036],[7.967401579000068,49.977772909000066],[7.887255214000049,49.97184287300007],[7.866057611000031,49.98045413800003],[7.850557168000023,50.013937130000045],[7.772490637000033,50.05846875600008],[7.80346109900006,50.08458000100006],[7.837194078000039,50.08412892400003],[7.830071079000049,50.09802558200005],[7.85401610200006,50.12832878800003],[7.930097218000071,50.103740112000025],[7.932942308000065,50.143884316000026],[7.884014221000029,50.169568592000076],[7.911141963000034,50.20373042700004],[7.990203927000039,50.23866512800004],[8.03544434500003,50.215661975000046],[8.058909586000027,50.23440564400005],[8.021650501000067,50.258344814000054],[8.035891845000037,50.27119223300008],[8.103120829000034,50.25978884300008],[8.121913617000075,50.27722503200005],[8.102677519000054,50.32701728500007],[8.071944286000075,50.331772923000074],[8.059756762000063,50.37531153200007],[8.014559715000075,50.38452504900005],[8.023757273000058,50.40076622600003],[7.964191682000035,50.412225232000026],[7.987782203000052,50.42792160100004],[7.97518245200007,50.43762097700005],[8.010766001000036,50.452692427000045],[7.979198225000061,50.48464087200006],[7.99285764800004,50.52211155600003],[8.041611266000075,50.55699325300003],[8.070521467000049,50.53799815800005],[8.117738251000048,50.53450892800004],[8.111169551000046,50.543663466000055],[8.137912756000048,50.55094786600006],[8.152160899000023,50.59367498300003],[8.126018672000043,50.61009313800008],[8.140884865000032,50.63022826800005],[8.11009234100004,50.65725078100007],[8.125776743000074,50.68581405100008],[8.099173321000023,50.70355792600003],[8.039689942000052,50.69737534700005],[8.040325987000074,50.72565709300005],[7.964248181000073,50.783822490000034],[7.978313123000021,50.83331176400003],[7.829263584000046,50.88238662200007],[7.851495862000036,50.925832410000055],[7.813265981000029,50.94002724600006],[7.735459232000039,50.91776539300008],[7.760427260000029,50.900393948000044],[7.748309881000068,50.86721679400006],[7.76218749700007,50.845134408000035],[7.729342105000057,50.85052279100006],[7.69942710600003,50.82501145200007],[7.661003633000064,50.820364305000055],[7.682222419000027,50.795368531000065],[7.655450742000028,50.76786954500005],[7.601042634000066,50.766312955000046],[7.592374858000028,50.74054539400004],[7.551900377000038,50.74634314600007],[7.443150861000049,50.71119678800005],[7.374010755000029,50.71821864300006],[7.357136449000052,50.69790389600007],[7.372062799000048,50.68210706600007],[7.358976516000041,50.64949362200008],[7.333480804000033,50.638396070000056],[7.212399645000062,50.62340492100003],[7.203786635000029,50.64966041100007],[7.18983890800007,50.62389544500007],[7.147851587000048,50.60029328200005],[7.115121105000071,50.61178614600004],[7.087431034000076,50.58601195000006],[7.056131464000032,50.60624076100004],[6.998096295000039,50.56504990600007],[6.930971323000051,50.560452256000076],[6.929349707000029,50.533143231000054],[6.882098443000075,50.526949442000046],[6.907069078000063,50.50264234600007],[6.901481603000036,50.46909197900004],[6.858573833000037,50.45326582300004],[6.800937205000025,50.49131916700003],[6.744603261000066,50.47263046000006],[6.766624285000034,50.45864375700006],[6.745523503000072,50.435929558000055],[6.785122975000036,50.420633303000045],[6.769311744000049,50.39274798000008],[6.802745410000057,50.36930462200007],[6.795592455000076,50.35954428400004],[6.699244644000032,50.336097402000064],[6.667350811000063,50.371967760000075],[6.636206238000057,50.34537215200004],[6.603085713000041,50.38822220600008],[6.451615287000038,50.33642410300007],[6.461162141000045,50.359026861000075],[6.448561199000039,50.37133836100003],[6.430023535000032,50.36318994000004],[6.413042934000032,50.38948596200004],[6.38500583900003,50.38418665900008],[6.425294811000072,50.32301195400004],[6.382575157000076,50.32204551500007],[6.363317313000039,50.30542903700007],[6.306466408000063,50.320144877000075],[6.27794272400007,50.266430728000046],[6.17568740300004,50.23541597900004],[6.16640819600002,50.22004043800007],[6.188914088000047,50.20527996700008],[6.192752035000069,50.18187401000006],[6.14689498000007,50.177776452000046],[6.132532511000022,50.15554307000008],[6.154657554000039,50.141899720000026],[6.129602540000064,50.12158060200005],[6.132980627000052,50.093236112000056],[6.116140603000076,50.074333007000064],[6.129285904000028,50.07354948200003],[6.112354826000058,50.060508553000034],[6.145883525000045,50.02273204900007],[6.129768553000076,50.018795873000045],[6.149644162000072,50.00888242800005],[6.138016082000036,49.99822197700007],[6.17237313000004,49.98480145800005],[6.177785500000027,49.954034903000036],[6.19099385800007,49.96875737800008],[6.197562131000041,49.94840531700004],[6.223907289000067,49.949939441000026],[6.217967266000073,49.923536640000066],[6.233642734000057,49.900376410000035],[6.31100073500005,49.869944503000056],[6.328294695000068,49.83606556700005],[6.364172103000044,49.850767362000056],[6.429140217000054,49.810859048000054],[6.470853873000067,49.822562093000045],[6.511375083000075,49.80179215900006],[6.529314321000072,49.80938685500007],[6.506034241000066,49.79013302800007],[6.518620190000036,49.762449710000055],[6.500498571000037,49.75213908600006],[6.517162918000054,49.72359518700006],[6.495976813000027,49.72595576300006],[6.507018527000071,49.71264027400008],[6.428219855000066,49.666872941000065],[6.44080290100004,49.65592026000007],[6.421434456000043,49.62004862300006],[6.374925348000033,49.59189399200005],[6.38096249900002,49.577176208000026],[6.357852034000075,49.57382073800005],[6.380052620000072,49.55110477200003],[6.517436954000061,49.52754701200007],[6.563963086000058,49.54055759000005],[6.604679366000028,49.51725918000005],[6.652819792000059,49.55093553700004],[6.690446749000046,49.53520390300008],[6.813441977000025,49.591999119000036],[6.835420961000068,49.582931924000036],[6.866435191000051,49.60865975100006],[6.929578001000039,49.61243520900007],[6.940917230000025,49.634922464000056],[6.991534824000041,49.635467875000074],[6.98596367600004,49.62073133400003],[7.02798012300002,49.639438288000065],[7.087674799000069,49.599583831000075],[7.173713124000074,49.599068172000045],[7.173454037000056,49.58508416300003],[7.213352545000021,49.565845814000056],[7.268704012000057,49.584083425000074],[7.276111492000041,49.537423431000036],[7.309871873000077,49.52322051900006],[7.285688644000061,49.51690660700007],[7.278135697000039,49.48427479600008],[7.304825739000023,49.47244594400007],[7.246437660000026,49.44551838400008],[7.250246332000074,49.43517793500007],[7.290070229000037,49.41470529000003],[7.289341252000042,49.388814350000075],[7.355817014000024,49.379770146000055],[7.36637958700004,49.363410361000035],[7.399838149000061,49.37173864400006],[7.389888861000031,49.349834602000044],[7.403773228000034,49.346115370000064],[7.377726254000038,49.32039364800005],[7.394449190000046,49.31465388500004],[7.371695485000032,49.28091265100005],[7.334463167000024,49.278284892000045],[7.34401929400002,49.270441678000054],[7.324554152000076,49.248141685000064],[7.306515069000056,49.25614038200007],[7.289132351000035,49.237821137000026],[7.304004309000049,49.22211313300005],[7.295756776000076,49.20534679000008],[7.36266786300007,49.15838864700004],[7.366565800000046,49.17226817100004],[7.445646679000049,49.184151030000066],[7.43446110800005,49.16476775400008],[7.49398431000003,49.16936408500004],[7.505979073000049,49.15051544500005],[7.489565927000058,49.136474443000054],[7.52867776100004,49.09709186600003],[7.629311382000026,49.07355078300003],[7.631201346000068,49.05488570700004],[7.761087506000024,49.045515246000036],[7.794402497000021,49.06568567200003],[7.866825986000038,49.03291668400004],[7.889131640000073,49.04904077600003],[7.916982913000027,49.04088245300005],[7.932791982000026,49.05805758400004],[7.974788941000043,49.026799538000034],[8.139902376000066,48.97845033200008],[8.232632820000049,48.966571447000035],[8.27734896100003,48.98993894000006],[8.311686690000045,49.05430717400003],[8.358091294000076,49.09778419500003],[8.368431128000054,49.168052405000026],[8.405251528000065,49.220560782000064],[8.384803778000048,49.21962764400007],[8.390815976000056,49.23609487400006],[8.489068840000073,49.29312437200008],[8.450484521000021,49.32314148200004],[8.496811192000052,49.36418049700006],[8.500397519000046,49.38901364900005],[8.473231192000071,49.37336427300005],[8.463528358000076,49.38442891700004],[8.496188845000063,49.40213636000004],[8.508242487000075,49.43449342100007],[8.442690860000027,49.45023919100004],[8.463795388000051,49.47040266000005],[8.41472533700005,49.553896792000046],[8.422439263000058,49.583385415000066]]]}},{"type":"Feature","id":"10402087B83775792336645","properties":{"admin_level":"4","name":"Saarland","source":"geoBoundaries / BKG"},"geometry":{"type":"MultiLineString","coordinates":[[[6.380052620000072,49.55110477200003],[6.356994235000059,49.53129416500008],[6.367083526000044,49.46951204900006],[6.429131061000021,49.476240508000046],[6.550815843000066,49.42537952500004],[6.540819183000053,49.401250728000036],[6.60215886800006,49.36710876300003],[6.565663992000054,49.347651703000054],[6.615105684000071,49.30134949400008],[6.670166015000063,49.28025366600008],[6.661415408000039,49.25807518200003],[6.689998943000035,49.24955550200008],[6.695824979000065,49.215274312000076],[6.723465469000075,49.218829235000044],[6.731444703000022,49.20595673200006],[6.711208356000043,49.18834183700005],[6.738600536000035,49.16367513200004],[6.782724081000026,49.16815887200005],[6.834056611000051,49.15108044600004],[6.86176751000005,49.178839322000044],[6.837990974000036,49.21349476000006],[6.85887333200003,49.22275744800004],[6.893345432000046,49.20914675100005],[6.925060579000046,49.22334642100003],[7.010752729000046,49.18795310300004],[7.035012738000034,49.191416090000075],[7.027733019000038,49.170133228000054],[7.055031189000033,49.11209007600007],[7.090127912000071,49.130921648000026],[7.081311768000035,49.14834945300004],[7.099103773000024,49.15560947200004],[7.113235132000057,49.15196245700008],[7.104057406000038,49.13838993100006],[7.125784822000071,49.14189550100008],[7.159405821000064,49.12046706800004],[7.185470341000041,49.13123599200003],[7.198041277000073,49.11516664100003],[7.245054159000063,49.130110744000035],[7.293176905000053,49.11490733000005],[7.321358334000024,49.14138779400008],[7.362726495000061,49.143148342000075],[7.368755430000022,49.16145788100005],[7.295756776000076,49.20534679000008],[7.304004309000049,49.22211313300005],[7.289132351000035,49.237821137000026],[7.306515069000056,49.25614038200007],[7.324554152000076,49.248141685000064],[7.34401929400002,49.270441678000054],[7.334463167000024,49.278284892000045],[7.385427185000026,49.29412396600003],[7.394494087000055,49.31635206200008],[7.377726254000038,49.32039364800005],[7.400526107000076,49.33769788300003],[7.389888861000031,49.349834602000044],[7.402075305000039,49.36771865500003],[7.36637958700004,49.363410361000035],[7.355817014000024,49.379770146000055],[7.289341252000042,49.388814350000075],[7.290070229000037,49.41470529000003],[7.250246332000074,49.43517793500007],[7.246437660000026,49.44551838400008],[7.304825739000023,49.47244594400007],[7.278135697000039,49.48427479600008],[7.285688644000061,49.51690660700007],[7.309871873000077,49.52322051900006],[7.276111492000041,49.537423431000036],[7.268704012000057,49.584083425000074],[7.213352545000021,49.565845814000056],[7.173454037000056,49.58508416300003],[7.173713124000074,49.599068172000045],[7.087674799000069,49.599583831000075],[7.02798012300002,49.639438288000065],[6.98596367600004,49.62073133400003],[6.991534824000041,49.635467875000074],[6.940917230000025,49.634922464000056],[6.929578001000039,49.61243520900007],[6.866435191000051,49.60865975100006],[6.835420961000068,49.582931924000036],[6.813441977000025,49.591999119000036],[6.690446749000046,49.53520390300008],[6.652819792000059,49.55093553700004],[6.604679366000028,49.51725918000005],[6.563963086000058,49.54055759000005],[6.517436954000061,49.52754701200007],[6.380052620000072,49.55110477200003]]]}},{"type":"Feature","id":"10402087B89016843004490","properties":{"admin_level":"4","name":"Sachsen","source":"geoBoundaries / BKG"},"geometry":{"type":"MultiLineString","coordinates":[[[12.100900370000033,50.31802824400006],[12.18445310800007,50.32232471800006],[12.201344719000076,50.30895158800007],[12.201456890000031,50.27278176100003],[12.253703138000049,50.271085894000066],[12.266036469000028,50.250214622000044],[12.247539958000061,50.25779020500005],[12.239627313000028,50.24616890800007],[12.293877805000022,50.22127014500006],[12.274669295000024,50.196686972000066],[12.289803627000026,50.176930078000055],[12.334553827000036,50.17174892300005],[12.323662274000071,50.18203865700008],[12.338219956000046,50.192477782000026],[12.323054691000038,50.207453428000065],[12.331084489000034,50.242714051000064],[12.359299478000025,50.242317842000034],[12.352117039000063,50.26174587300005],[12.40056617600004,50.29520771300008],[12.398015033000036,50.32115327200006],[12.431200365000052,50.322724049000044],[12.469426672000054,50.35499038700004],[12.489306910000039,50.34981661900008],[12.486528324000062,50.37084340900003],[12.512047935000055,50.39725817000004],[12.673121539000022,50.41687581900004],[12.70705670600006,50.397317463000036],[12.734613356000068,50.43219795600004],[12.794929968000076,50.44944688800007],[12.81061870700006,50.43105705800008],[12.819380928000044,50.459795317000044],[12.912391785000068,50.42372909200003],[12.937308321000046,50.40632832700004],[12.947972824000033,50.40427966100003],[13.019865411000069,50.446732352000026],[13.031745820000026,50.50973180500006],[13.08534559900005,50.50027136500006],[13.132671092000066,50.51827797200008],[13.136736576000033,50.50642449900005],[13.195270343000061,50.50326287100006],[13.248438251000039,50.592053332000035],[13.278770586000064,50.592994900000065],[13.290912694000042,50.57501764600005],[13.323678120000068,50.58164863500008],[13.324732371000039,50.60803862500006],[13.37769991500005,50.62767509300005],[13.370982952000077,50.65054589700003],[13.464767585000061,50.60189259600003],[13.524193077000064,50.63926466400005],[13.512806844000067,50.653712521000045],[13.544372940000073,50.677447603000076],[13.526820354000051,50.705016776000036],[13.664308586000061,50.73192859900007],[13.706467567000061,50.716923816000076],[13.758341667000025,50.73581460400004],[13.855192645000045,50.72710970500003],[13.861777864000032,50.74290935000005],[13.898190316000068,50.74448565400007],[13.887530922000053,50.77046048600005],[13.901054929000054,50.79342943100005],[13.939180496000063,50.789979008000046],[13.990311032000022,50.82000502900007],[14.030664840000043,50.80416180000003],[14.07837820800006,50.81241992900004],[14.223292324000056,50.85923671000006],[14.233150164000051,50.88752402500006],[14.26750461000006,50.89530453100008],[14.304845070000056,50.88398108600006],[14.387635007000029,50.89908797600003],[14.396728063000069,50.93649067300004],[14.311707900000044,50.95376043600004],[14.302559058000043,50.96533205900005],[14.328423370000053,50.973506376000046],[14.323554183000056,50.98536364700004],[14.258647344000053,50.98753751500004],[14.260642523000058,51.00882924200005],[14.286314961000073,51.02696194600003],[14.273792350000065,51.03977211700004],[14.30185834100007,51.05504617100007],[14.382565514000078,51.03856989700006],[14.408442123000043,51.01877158900004],[14.453819730000077,51.035893205000036],[14.492658358000028,51.023403948000066],[14.491220963000046,51.04353057800006],[14.508211954000046,51.04315459700007],[14.498557611000024,51.02205888900005],[14.532145953000054,51.01652943700003],[14.534698160000062,51.00371423800004],[14.564531187000057,51.01013771000004],[14.599177544000042,50.98711100200006],[14.56481075000005,50.91835296100004],[14.650215415000048,50.931534568000075],[14.652896345000045,50.905485998000074],[14.61886845500004,50.85771029800003],[14.708706569000071,50.84088894300004],[14.722323034000055,50.822081550000064],[14.796865191000052,50.821146998000074],[14.824748936000049,50.86696751200003],[14.819551275000038,50.885061],[14.896553477000054,50.94064167700003],[14.917197958000031,50.995203047000075],[14.979275101000042,51.07707997500006],[14.980914808000023,51.11605404800008],[14.997766980000051,51.12241749700007],[14.993293234000078,51.162833266000064],[15.041789402000063,51.274035225000034],[14.965243452000038,51.36108329700005],[14.983740931000057,51.37354956900003],[14.958283107000057,51.39534469300003],[14.96892551700006,51.397729979000076],[14.958634072000052,51.431245164000075],[14.974216450000029,51.44167401300007],[14.952464783000039,51.46843315600006],[14.735763418000033,51.525956155000074],[14.711240953000072,51.56265530100006],[14.729865561000054,51.581776998000066],[14.707558532000064,51.597308326000075],[14.696647725000048,51.59666082600006],[14.706451662000063,51.576460163000036],[14.674012757000071,51.55064535400004],[14.609886946000074,51.55014978100007],[14.599026234000064,51.57174985800003],[14.569635102000063,51.58119047800005],[14.515453721000029,51.554234835000045],[14.38715846100007,51.54177088400007],[14.332350139000027,51.50501826300007],[14.274005492000072,51.53213036400007],[14.139565193000067,51.543986379000046],[14.129730077000033,51.53386106000005],[14.142359250000027,51.52280445200006],[14.107796743000051,51.52176056800005],[14.073821672000065,51.49266749000003],[14.087258361000067,51.47739668300005],[14.033005724000077,51.47510218900004],[14.06283710200006,51.445505756000045],[14.015903684000023,51.40513789600004],[14.028091220000022,51.39593580500008],[14.003563735000057,51.39561192300005],[14.000697255000034,51.372595974000035],[13.970209088000047,51.37584092600008],[13.972343684000066,51.39382237700005],[13.956223629000021,51.39707171300006],[13.883068070000036,51.375117439000064],[13.833190694000052,51.383838980000064],[13.763252568000041,51.35902035100003],[13.757691732000069,51.37149459800003],[13.739111251000054,51.361202020000064],[13.668403738000052,51.37612642800008],[13.594063134000066,51.369356210000035],[13.56996177700006,51.385666025000035],[13.542628170000057,51.36931550600008],[13.521217776000071,51.40205739000004],[13.46328191400005,51.411753590000046],[13.47378606600006,51.417881159000046],[13.445913131000054,51.43144971300006],[13.421424948000038,51.421505006000075],[13.428149657000063,51.431245011000044],[13.401050430000055,51.45417172500004],[13.372938772000055,51.437795651000044],[13.376647809000076,51.42461142500008],[13.320322813000075,51.43750047600008],[13.328343606000033,51.426642050000055],[13.286354589000041,51.399288186000035],[13.259983530000056,51.40039904100007],[13.26854325000005,51.384793245000026],[13.217308924000065,51.39505564900003],[13.19975045700005,51.433225950000065],[13.174310971000068,51.42825391900004],[13.203121686000031,51.45101338300003],[13.182296591000068,51.491959294000026],[13.201294464000057,51.491717480000034],[13.207957037000028,51.524352847000046],[13.185571760000073,51.558075237000025],[13.143169245000024,51.56746112900004],[13.16177226800005,51.59214829600006],[13.121025347000057,51.61888754900008],[13.08630409500006,51.60813513900007],[13.051025247000041,51.64767715500005],[13.023467076000031,51.63730338500005],[12.996291835000022,51.66924715600004],[12.966821294000056,51.66566476400004],[12.971502577000024,51.65024867400007],[12.942163597000047,51.63800593600007],[12.897524744000066,51.64742626700007],[12.889194796000027,51.66688389500007],[12.86579381100006,51.655026692000035],[12.843862268000066,51.68497371700005],[12.772706246000041,51.64750905400007],[12.686675620000074,51.66199282400004],[12.649112656000057,51.62044632800007],[12.608332218000044,51.61060204300003],[12.629228985000054,51.62523564800006],[12.580262793000031,51.62606533500008],[12.559979633000069,51.608519106000074],[12.507006970000077,51.60845555600008],[12.482988090000049,51.593184188000066],[12.486373585000024,51.60427773200007],[12.444820329000038,51.60999127100007],[12.42541916500005,51.58213138100007],[12.336977041000068,51.58622716800005],[12.293179328000065,51.560557430000074],[12.244950478000021,51.56697978400007],[12.192765745000031,51.53129860700005],[12.20308176900005,51.48514115000006],[12.148913401000073,51.46310677400004],[12.15721353300006,51.43271098500003],[12.189822026000058,51.42085370600006],[12.173532762000036,51.41025697500004],[12.18482790400003,51.38758407900008],[12.172143857000037,51.384157697000035],[12.189963637000062,51.379450347000045],[12.194347237000045,51.330567665000046],[12.147653576000039,51.31996709100008],[12.172255093000047,51.28568078200004],[12.166101471000047,51.26607361200007],[12.19949202500004,51.238418909000075],[12.204741890000037,51.21420247300006],[12.173737447000065,51.19008216200007],[12.213084091000042,51.18350039100005],[12.196192449000023,51.14190746500003],[12.241637641000068,51.13070468900003],[12.221198540000046,51.10991491400006],[12.253084246000071,51.09726787000005],[12.331598674000077,51.10378250500003],[12.361026051000067,51.07979973600004],[12.458382880000045,51.084550712000066],[12.462914729000033,51.06689980300007],[12.496357871000043,51.06624660800003],[12.507388166000055,51.017275890000064],[12.538852058000032,51.02425203800004],[12.528349485000035,50.998280331000046],[12.583807026000045,50.98183293800008],[12.607533974000035,50.99673176500005],[12.624357315000054,50.93970986800008],[12.654115090000062,50.919062739000026],[12.640121045000058,50.90307378300008],[12.507862731000046,50.90372903700006],[12.511120450000021,50.89409887100004],[12.459254289000057,50.88044858400008],[12.437452920000055,50.84241740500005],[12.420206496000048,50.83958970800006],[12.412985022000044,50.856873008000036],[12.374132737000025,50.85324923200005],[12.347576712000034,50.82363150900005],[12.29858355600004,50.82990022100006],[12.302356116000055,50.817197184000065],[12.289715312000055,50.82396523700004],[12.279862919000038,50.80970437800005],[12.250495312000055,50.81853755600008],[12.253153657000041,50.78883476500005],[12.290160812000067,50.78342709200007],[12.26392092900005,50.76045602700003],[12.240689735000046,50.767240127000036],[12.226984634000075,50.73821847800008],[12.264756658000067,50.73754688900004],[12.273430219000034,50.72820205900007],[12.253382117000058,50.71570452800006],[12.262762318000057,50.695276464000074],[12.318896253000048,50.68400317900006],[12.317717793000043,50.663364201000036],[12.264286262000041,50.64338544100008],[12.265518391000057,50.63079334400004],[12.198197471000071,50.64131481100003],[12.18276647500005,50.612110603000076],[12.149889651000024,50.62880250200004],[12.147222145000057,50.60609792100007],[12.110150855000029,50.58872004300008],[12.156092178000051,50.58557908600005],[12.156024277000029,50.573491527000044],[12.083594331000029,50.57856674000004],[12.07268971600007,50.555118598000035],[12.030271920000075,50.54939778800008],[12.01753547800007,50.56784079200003],[12.036137609000036,50.59394988200006],[12.004761034000069,50.61382341800004],[12.021360113000071,50.627231667000046],[12.003938001000051,50.63482546100005],[11.979268787000024,50.621410179000065],[11.988779760000057,50.61073218700005],[11.923565976000077,50.58570803400005],[11.92601067000004,50.556844271000045],[11.871462575000066,50.53982274100008],[11.888217853000071,50.516678642000045],[11.92525127500005,50.52631910300005],[11.964228503000072,50.48696260200006],[11.937693008000053,50.47169194500003],[11.950797996000063,50.454068979000056],[11.931895132000022,50.46422276800007],[11.88850946100007,50.443605914000045],[11.927800470000022,50.43251523600003],[11.919322860000023,50.42472776500006],[11.945645081000066,50.41628277400008],[11.94937688500005,50.39480853600003],[11.98394319700003,50.38870713500006],[11.976043698000069,50.352292688000034],[12.04685190500004,50.32499865700004],[12.091343377000044,50.33260968800005],[12.100900370000033,50.31802824400006]]]}},{"type":"Feature","id":"10402087B23625801106445","properties":{"admin_level":"4","name":"Sachsen-Anhalt","source":"geoBoundaries / BKG"},"geometry":{"type":"MultiLineString","coordinates":[[[11.597784507000028,53.03592637000003],[11.556416553000076,52.99866580400004],[11.512490564000075,53.00744492700005],[11.492342520000022,52.95966288400007],[11.505026760000021,52.94103266800005],[11.314250103000063,52.87823631900005],[11.295410670000024,52.87490689700007],[11.290662086000054,52.889125662000026],[11.241125626000041,52.87901825200004],[11.220645293000075,52.89766635600006],[11.15525787300004,52.90621056800006],[11.106405529000028,52.89622347900007],[11.093187302000047,52.89947142400007],[11.098675785000069,52.91287668800004],[11.00207578800007,52.911476649000065],[10.985508337000056,52.88203321200007],[10.93963351900004,52.85333551100007],[10.76469723300005,52.84047926900007],[10.75532124700004,52.78482963400006],[10.791665848000036,52.74819658000007],[10.796696774000054,52.71432635700006],[10.829703151000047,52.716135165000026],[10.921411939000052,52.61043708200003],[10.976967998000077,52.62414161800007],[10.975629190000063,52.60682491300008],[10.939817470000037,52.58957310000005],[10.937575735000053,52.56739965300005],[11.008781744000032,52.49674764500003],[10.949993653000035,52.49560565200005],[10.933745728000076,52.46095212700004],[11.015160053000045,52.38810680700004],[11.074479825000026,52.37440326600006],[11.057474478000074,52.35033314600008],[10.983673924000072,52.34168646200004],[11.036015160000034,52.31039603900007],[11.013800797000044,52.28664905000005],[11.086244119000071,52.228633838000064],[11.013646589000075,52.199556191000056],[11.019244599000046,52.17808702000008],[11.060336962000065,52.17238740800008],[11.04413517200004,52.13366550400008],[10.942159787000037,52.103090284000075],[10.970652820000055,52.08626494300006],[10.96441459700003,52.05664316000008],[10.687385237000058,52.04813820700008],[10.647886656000026,52.041720816000065],[10.655491985000026,52.02468661700004],[10.626019658000075,52.008197848000066],[10.561226988000044,52.00406594000003],[10.61994121500004,51.95767862100007],[10.651303746000053,51.957561078000026],[10.613260484000023,51.93946787400006],[10.613313788000028,51.921515277000026],[10.648214683000049,51.90824476700004],[10.649322126000072,51.889104935000034],[10.579100529000073,51.84825725500008],[10.580437276000055,51.78274999800004],[10.626096715000074,51.75901689600005],[10.66830728900004,51.709908031000055],[10.670507134000047,51.66691268200003],[10.696011081000051,51.642988323000054],[10.764511214000038,51.64900827500003],[10.818215835000046,51.639026433000026],[10.822567512000035,51.62353957400006],[10.85861525100006,51.63289977000005],[10.886600561000023,51.61211090900008],[10.922012575000053,51.618447435000064],[10.914091359000054,51.61016346200006],[10.937063688000023,51.60348729100008],[10.930538151000064,51.59168093400007],[10.894476282000028,51.60183290300006],[10.882051629000046,51.580508087000055],[10.900496028000077,51.55065470000005],[10.947971842000072,51.53757287900004],[10.927335260000063,51.52085370200007],[10.97294365700003,51.48196093200005],[10.960817206000058,51.47122492700004],[10.966733926000074,51.43235320700006],[11.010663972000032,51.42531503200007],[10.992033080000056,51.41785321300006],[11.061390455000037,51.42979197400007],[11.141754602000049,51.40263265400006],[11.223882996000043,51.41318615300003],[11.24850616200007,51.395132827000054],[11.321259842000075,51.41037234700008],[11.330795693000027,51.39026639000008],[11.39685227900003,51.381330726000044],[11.39943721800006,51.34483615600004],[11.428814556000077,51.34282857800008],[11.413594723000074,51.333127825000076],[11.475225978000026,51.29805427700006],[11.412632300000041,51.24106203300005],[11.384567127000025,51.24564122700008],[11.364832643000057,51.221359162000056],[11.38982494000004,51.21751519400004],[11.391420064000044,51.20353330000006],[11.43094860900004,51.21247579900006],[11.468567729000029,51.19265410600008],[11.470817624000063,51.16983847700004],[11.48554832800005,51.168017348000035],[11.451004307000062,51.146670132000054],[11.46336178200005,51.11276038200003],[11.545642779000048,51.10245036800006],[11.571659895000039,51.11936512500006],[11.62021201400006,51.09744866300008],[11.66695005400004,51.11078547800008],[11.692382465000037,51.09985159900003],[11.700810414000046,51.069402566000065],[11.732299863000037,51.068417156000066],[11.759689951000041,51.04285785600007],[11.888807362000023,51.05584043500005],[11.910866916000032,51.04501989900007],[11.911895627000035,51.02817928800005],[11.977137233000064,51.01645489900005],[11.969873133000021,50.994327733000034],[12.006571244000042,50.991024147000076],[12.01412639800003,50.968670856000074],[12.09215763900005,50.97653048800004],[12.163529547000053,50.95859978000004],[12.182508063000057,50.97586604600008],[12.213818569000068,50.95843608900003],[12.21458012100004,50.93803207800005],[12.293914550000068,51.03132995400006],[12.250268436000056,51.03787289100006],[12.26559684600005,51.076984320000065],[12.288279375000059,51.08824243400005],[12.221198540000046,51.10991491400006],[12.241637641000068,51.13070468900003],[12.196192449000023,51.14190746500003],[12.213084091000042,51.18350039100005],[12.174844208000025,51.18132731500003],[12.204741890000037,51.21420247300006],[12.147653576000039,51.31996709100008],[12.194347237000045,51.330567665000046],[12.195756784000025,51.359728320000045],[12.172143857000037,51.384157697000035],[12.18482790400003,51.38758407900008],[12.173532762000036,51.41025697500004],[12.189822026000058,51.42085370600006],[12.15721353300006,51.43271098500003],[12.148672567000062,51.45949484500005],[12.20308176900005,51.48514115000006],[12.192765745000031,51.53129860700005],[12.244950478000021,51.56697978400007],[12.293179328000065,51.560557430000074],[12.336977041000068,51.58622716800005],[12.42541916500005,51.58213138100007],[12.444820329000038,51.60999127100007],[12.486373585000024,51.60427773200007],[12.482988090000049,51.593184188000066],[12.507006970000077,51.60845555600008],[12.559979633000069,51.608519106000074],[12.580262793000031,51.62606533500008],[12.629228985000054,51.62523564800006],[12.608332218000044,51.61060204300003],[12.649112656000057,51.62044632800007],[12.686675620000074,51.66199282400004],[12.772706246000041,51.64750905400007],[12.843862268000066,51.68497371700005],[12.86579381100006,51.655026692000035],[12.889194796000027,51.66688389500007],[12.897524744000066,51.64742626700007],[12.942163597000047,51.63800593600007],[12.971502577000024,51.65024867400007],[12.966821294000056,51.66566476400004],[12.996291835000022,51.66924715600004],[13.023467076000031,51.63730338500005],[13.154528682000034,51.68670591700004],[13.155100575000063,51.710786882000036],[13.18707161900005,51.71562451400007],[13.154010380000045,51.744247947000076],[13.163294686000029,51.75493602900008],[13.147481829000071,51.76663853300005],[13.170103761000064,51.78702373700003],[13.123535766000032,51.854592541000045],[13.150913369000023,51.859610359000044],[13.149604230000023,51.87233145700003],[13.119075142000042,51.882829041000036],[13.039239290000069,51.87091214700007],[13.029163736000044,51.881042414000035],[13.045407862000047,51.90051510700005],[12.972664852000037,51.90088114100007],[12.976535928000033,51.91986343600007],[12.95597430500004,51.92265712200003],[12.960567963000074,51.93491054300006],[12.852730179000048,51.93500529000005],[12.844153643000027,51.96773396900005],[12.777612700000077,51.96459096500007],[12.774325113000032,51.97835995100007],[12.669186684000067,52.01288074400003],[12.615160260000039,51.98228125700007],[12.539394591000075,51.98488894400003],[12.536306598000067,52.002880024000035],[12.498826522000059,52.008922889000075],[12.48061535100004,52.033335116000046],[12.430227854000066,52.01830613800007],[12.276724288000025,52.10401798000004],[12.21678313700005,52.17006860100008],[12.248291792000032,52.184222874000056],[12.248921059000054,52.21173724000005],[12.297276877000058,52.22754538000004],[12.24464806900005,52.24843817400006],[12.26276517100007,52.29507163200003],[12.308127562000038,52.34469653200006],[12.283811381000021,52.36425454600004],[12.305989508000039,52.37743324300004],[12.29180744100006,52.38614361000003],[12.30232598400005,52.40501281200005],[12.274469664000037,52.41606189200007],[12.325116194000032,52.46423058800008],[12.330781529000035,52.478555665000044],[12.308295310000062,52.48028980000004],[12.32988928800006,52.49686037100008],[12.271445311000036,52.48748083800007],[12.25821619800007,52.51788540100006],[12.23611741600007,52.52371982500006],[12.221679470000026,52.50066541800004],[12.184704165000028,52.49577607100008],[12.16729483100005,52.51498540800003],[12.188689499000077,52.53242278000005],[12.141811423000036,52.52839423900008],[12.181078091000074,52.575177085000064],[12.171970158000022,52.625946604000035],[12.236872557000027,52.62887701900007],[12.232876671000042,52.68904403700003],[12.197548537000046,52.718375034000076],[12.223168686000065,52.73974733600005],[12.205958399000053,52.76091054600005],[12.22017640200005,52.790127959000074],[12.244659900000045,52.78722398000008],[12.257536445000028,52.804908485000055],[12.234056796000061,52.85937765300008],[12.196936529000027,52.87797799000003],[12.123714704000065,52.85379583500003],[12.124601270000028,52.89358591000007],[12.112623069000051,52.87572909100004],[12.022614193000038,52.89037025700003],[11.981550252000034,52.876028785000074],[11.833997503000035,52.910361117000036],[11.82309213700006,52.92325763700006],[11.844216635000066,52.95268081300003],[11.786303885000052,52.96095827500005],[11.743789794000065,52.98854467500007],[11.692083658000058,52.97840706300008],[11.67716506000005,53.008137230000045],[11.626327036000077,53.01264737000008],[11.639365586000054,53.03871875200008],[11.597784507000028,53.03592637000003]],[[11.439672491000067,51.19766759400005],[11.446614450000027,51.198880348000046],[11.43938578500007,51.19976640100003],[11.439672491000067,51.19766759400005]]]}},{"type":"Feature","id":"10402087B46069870964378","properties":{"admin_level":"4","name":"Schleswig-Holstein","source":"geoBoundaries / BKG"},"geometry":{"type":"MultiLineString","coordinates":[[[8.684254633000023,54.05222824700007],[8.70004792900005,54.06776114100006],[8.685813245000077,54.06592353600007],[8.682201299000042,54.04879445300003],[8.693724377000024,54.045664775000034],[8.702261189000069,54.04820998000008],[8.684254633000023,54.05222824700007]],[[7.919787116000066,54.18872337600004],[7.89141591300006,54.19301121800004],[7.869099861000052,54.18782725700004],[7.907684732000064,54.16888077900006],[7.919787116000066,54.18872337600004]],[[11.082480424000039,54.43890965200006],[11.088575916000025,54.43590693800007],[11.09134780100004,54.43812045100003],[11.082480424000039,54.43890965200006]],[[8.735937941000032,54.46762368700007],[8.718479772000023,54.46644233500007],[8.727232762000028,54.46232314300005],[8.735937941000032,54.46762368700007]],[[8.54770936600005,54.46862982500005],[8.559346723000033,54.46186393800008],[8.56197240900002,54.46478956100003],[8.54770936600005,54.46862982500005]],[[8.510381401000075,54.52731902800008],[8.516689793000069,54.52901479700006],[8.507215489000032,54.52760112200008],[8.510381401000075,54.52731902800008]],[[11.232678195000062,54.506862683000065],[11.064243733000069,54.53505596400004],[11.031162978000054,54.511804322000046],[11.010317918000055,54.48255705000008],[11.008926289000044,54.44166761000008],[11.038218167000025,54.42985929800005],[11.047145005000061,54.42828164300005],[11.022860903000037,54.44393069900008],[11.09511647000005,54.445452706000026],[11.09514484600004,54.40953360100008],[11.120965639000076,54.40207527100006],[11.22988566400005,54.412225387000035],[11.312662827000054,54.40225842500007],[11.232678195000062,54.506862683000065]],[[8.827786719000073,54.545838236000066],[8.80457292400007,54.55573224900007],[8.789375360000065,54.55190447200005],[8.827786719000073,54.545838236000066]],[[8.705040588000031,54.55756110800007],[8.590559950000056,54.53167547500004],[8.59223974200006,54.508678874000054],[8.62650553800006,54.48887789500003],[8.687278668000033,54.50902146900006],[8.703218598000035,54.50132037700007],[8.686992152000073,54.520879051000065],[8.705040588000031,54.55756110800007]],[[8.575569922000057,54.56045579500005],[8.549936511000055,54.57943125000003],[8.50854496900007,54.57669450800006],[8.575569922000057,54.56045579500005]],[[8.824973778000071,54.60427109400007],[8.814715015000047,54.60187262800008],[8.808498615000076,54.604507659000035],[8.818064626000023,54.594971359000056],[8.824973778000071,54.60427109400007]],[[8.771499038000059,54.63698501300007],[8.766412090000074,54.63784958400004],[8.76119339500002,54.63574515500005],[8.771499038000059,54.63698501300007]],[[8.736289595000073,54.64393810300004],[8.713805060000027,54.63915358200006],[8.71032774500003,54.63159433800007],[8.728685798000072,54.62888262400003],[8.736289595000073,54.64393810300004]],[[8.547565637000048,54.61776127700006],[8.663465466000048,54.65587923900006],[8.651870162000023,54.65763771600007],[8.528868124000041,54.62730578000003],[8.547565637000048,54.61776127700006]],[[8.713080503000072,54.68007177000004],[8.690774130000023,54.67628632200007],[8.681175549000045,54.67577861800004],[8.709706829000027,54.672386783000036],[8.713080503000072,54.68007177000004]],[[8.342427443000076,54.69355125100003],[8.360455777000027,54.710422419000054],[8.294096232000072,54.66617513700004],[8.365543831000025,54.609267576000036],[8.39715340400005,54.61408128800008],[8.401877624000065,54.62640598100006],[8.361101376000022,54.64978598500005],[8.342427443000076,54.69355125100003]],[[8.565906549000033,54.75186129400004],[8.427282048000052,54.74618430800007],[8.39650727000003,54.70418659300003],[8.484872379000024,54.680304197000055],[8.566453100000047,54.67997493100006],[8.596999617000051,54.71909062200007],[8.565906549000033,54.75186129400004]],[[8.364335289000053,54.867986676000044],[8.360345561000031,54.86963566000003],[8.367108615000063,54.86854618500007],[8.364335289000053,54.867986676000044]],[[10.307954146000043,53.433201104000034],[10.584372484000028,53.36043030700006],[10.616903899000022,53.38456959200005],[10.632308138000042,53.45480292900004],[10.692973050000035,53.45513809600004],[10.701661228000034,53.47825541700007],[10.756012052000074,53.483393584000055],[10.786431193000055,53.51045659500005],[10.824333999000032,53.513741234000065],[10.823260709000067,53.57518053600006],[10.863702017000037,53.56463232800007],[10.923795348000056,53.58418603200005],[10.929562994000037,53.62870715300005],[10.954884038000046,53.65670542500004],[10.938627285000052,53.665821589000075],[10.941766725000036,53.684542330000056],[10.905289034000077,53.70329428600007],[10.85094371200006,53.70012493000007],[10.81087590900006,53.72007232000004],[10.805916825000054,53.73920983100004],[10.758032962000073,53.74751747100004],[10.77325182800007,53.79238742100006],[10.747711196000068,53.85151096100003],[10.882571899000027,53.92449744800007],[10.911293636000039,53.91522558500003],[10.911023571000044,53.89795245600004],[10.967634004000047,53.91063418500005],[10.895097608000071,53.924548179000055],[10.90946271100006,53.946269131000065],[10.882767844000057,53.95879206200004],[10.878836861000025,53.985947475000046],[10.787249185000064,53.997438619000036],[10.752501222000035,54.048891885000046],[10.802784657000075,54.09109651000006],[10.877515196000047,54.088017817000036],[10.955098331000045,54.141083740000056],[11.091935758000034,54.19731978300007],[11.071918095000058,54.34224630600005],[11.125609498000074,54.37361350500004],[11.127936929000043,54.39045890300008],[11.107674317000033,54.397506864000036],[11.02374125800003,54.367711675000066],[11.02207052700004,54.38044956300007],[10.931205242000033,54.38193996900003],[10.789502880000043,54.31213340900007],[10.70697446500003,54.30503646000005],[10.599607976000073,54.363731305000044],[10.321948338000027,54.43574765300008],[10.226061066000057,54.41390558900008],[10.174162085000034,54.34574538600003],[10.152083022000056,54.363326520000044],[10.192261717000065,54.39021223100008],[10.168851706000055,54.43413127900004],[10.199382745000037,54.455561544000034],[10.13402744700005,54.48433790300004],[9.85537006900006,54.45628316900007],[9.984867682000072,54.51248024100005],[10.027329337000026,54.55311722300007],[10.036023455000077,54.68841701800005],[9.988994157000036,54.71831522300005],[9.957233880000047,54.77985581100006],[9.909510391000026,54.79991989000007],[9.905374299000073,54.76334288800007],[9.845578708000062,54.75603640600008],[9.746717702000069,54.82412545100004],[9.604633057000058,54.85459380600008],[9.628016845000047,54.87974825800006],[9.591910925000036,54.886970217000055],[9.463040675000059,54.831644124000036],[9.382680669000024,54.839201451000065],[9.343610062000039,54.80024799300003],[9.25008113900003,54.809715280000034],[9.24013846400004,54.84998379500007],[9.143330469000034,54.873022638000066],[9.048239957000021,54.87187655300005],[8.947938648000047,54.90256336600004],[8.727995926000062,54.89270671400004],[8.638003413000035,54.911251856000035],[8.635144637000053,54.89415174100003],[8.610285661000034,54.888390521000076],[8.427409498000031,54.87739915000003],[8.366894682000066,54.90317228300006],[8.352821841000036,54.96785703200004],[8.37990226200003,54.996776100000034],[8.440028994000045,55.015870223000036],[8.427298179000047,55.03089066100006],[8.436685969000052,55.037485272000026],[8.436703587000068,55.039408801000036],[8.40053982400002,55.034813934000056],[8.396235406000073,55.046154657000045],[8.464195700000062,55.04571479500004],[8.409955339000021,55.05769437300006],[8.383113016000038,55.03731565700008],[8.297902986000054,54.910656592000066],[8.279429968000045,54.75138968300007],[8.297863341000038,54.740165802000035],[8.29605725500005,54.84239476000005],[8.34056137400006,54.88057457200006],[8.41438101700004,54.84724071000005],[8.510181788000068,54.88139503800005],[8.60336908000005,54.88570780900005],[8.607761589000063,54.84105469500008],[8.701673877000076,54.77368829100004],[8.715450891000046,54.737715954000066],[8.686209753000071,54.73034082300006],[8.741094062000059,54.71636768400003],[8.752831639000021,54.68125403700003],[8.831946659000039,54.652591063000045],[8.84653060900007,54.62546359400005],[8.892967770000041,54.596776876000035],[8.868609356000036,54.56180937700003],[8.871453105000057,54.528293018000056],[8.80643703000004,54.49834154400003],[8.81924676500006,54.48651580500007],[8.807015454000066,54.47015896100004],[8.893399380000062,54.460575590000076],[8.948146275000056,54.50006239700008],[8.945454494000046,54.51242554500004],[8.983598917000052,54.524046302000045],[9.015607438000075,54.48431464300006],[9.002396125000075,54.463668452000036],[8.871238878000042,54.404807117000075],[8.672551198000065,54.39964915000007],[8.649061677000077,54.379753993000065],[8.691042180000068,54.373076223000055],[8.69149027900005,54.35562992100006],[8.601383149000071,54.33907126400004],[8.608311385000036,54.30878820100003],[8.674358497000071,54.27875980600004],[8.74100954000005,54.29356412700008],[8.841787401000033,54.27845511800007],[8.839978681000048,54.23288205600005],[8.808867636000059,54.17103733700003],[8.857865501000049,54.11919257900007],[8.925278418000062,54.13247746600007],[8.976614874000063,54.07122838600003],[8.95866034200003,54.06339300900004],[8.985125080000046,54.06098666400004],[8.958582680000063,54.03400004900004],[8.881443237000042,54.04605222500004],[8.804773174000047,54.023438801000054],[8.832591824000076,54.02392941000005],[8.878041783000072,53.98362529600007],[8.914904897000042,53.92489909600005],[9.022420177000072,53.87951753800007],[9.199751243000037,53.88010436800005],[9.319524176000073,53.85083552700007],[9.422587090000036,53.740667546000054],[9.502180848000023,53.69680511300004],[9.550629934000028,53.61601357400008],[9.702788352000027,53.559327504000066],[9.730104055000027,53.55758091300004],[9.763672583000073,53.62749506100005],[9.828781928000069,53.58529056900005],[9.889685197000063,53.62232685500004],[9.905366421000053,53.652194336000036],[9.985599002000072,53.64723457600007],[9.998695506000047,53.68146746100007],[10.069265382000026,53.67945056100007],[10.060669695000058,53.68839732500004],[10.08184213800007,53.720419993000064],[10.121056101000022,53.71339516900008],[10.162874103000036,53.73808674500003],[10.193670979000046,53.73101511700003],[10.140273002000072,53.68012668200004],[10.19605638400003,53.65470393000004],[10.189664917000073,53.63838061000007],[10.221761274000073,53.63372253500006],[10.188952193000034,53.61301421700006],[10.201449729000046,53.58407587200003],[10.152557987000023,53.57790073600006],[10.152582687000063,53.53979280100003],[10.166903383000033,53.53731852100003],[10.16464303600003,53.51993916500004],[10.210601309000026,53.52004653900008],[10.218607039000062,53.49905535600004],[10.301645689000054,53.44319530200005],[10.325959158000046,53.44963954000008],[10.307954146000043,53.433201104000034]]]}},{"type":"Feature","id":"10402087B67217417145666","properties":{"admin_level":"4","name":"Th\u00fcringen","source":"geoBoundaries / BKG"},"geometry":{"type":"MultiLineString","coordinates":[[[11.824265370000035,50.38975684500008],[11.927800470000022,50.43251523600003],[11.88850946100007,50.443605914000045],[11.931895132000022,50.46422276800007],[11.950797996000063,50.454068979000056],[11.937693008000053,50.47169194500003],[11.964228503000072,50.48696260200006],[11.92525127500005,50.52631910300005],[11.888217853000071,50.516678642000045],[11.871462575000066,50.53982274100008],[11.92601067000004,50.556844271000045],[11.923565976000077,50.58570803400005],[11.988779760000057,50.61073218700005],[11.979268787000024,50.621410179000065],[12.010397048000073,50.63546120900003],[12.021360113000071,50.627231667000046],[12.004761034000069,50.61382341800004],[12.036137609000036,50.59394988200006],[12.01753547800007,50.56784079200003],[12.030271920000075,50.54939778800008],[12.052068203000033,50.55096098400003],[12.076643574000059,50.55800753500006],[12.083594331000029,50.57856674000004],[12.156024277000029,50.573491527000044],[12.156092178000051,50.58557908600005],[12.110150855000029,50.58872004300008],[12.147222145000057,50.60609792100007],[12.153639990000045,50.63050499600007],[12.18276647500005,50.612110603000076],[12.198197471000071,50.64131481100003],[12.265518391000057,50.63079334400004],[12.264286262000041,50.64338544100008],[12.317717793000043,50.663364201000036],[12.322048412000072,50.68143383700004],[12.274761805000026,50.68611728500008],[12.253382117000058,50.71570452800006],[12.27335318200005,50.729573938000044],[12.226984634000075,50.73821847800008],[12.240689735000046,50.767240127000036],[12.26392092900005,50.76045602700003],[12.290160812000067,50.78342709200007],[12.253153657000041,50.78883476500005],[12.250495312000055,50.81853755600008],[12.279862919000038,50.80970437800005],[12.289715312000055,50.82396523700004],[12.302356116000055,50.817197184000065],[12.29858355600004,50.82990022100006],[12.347576712000034,50.82363150900005],[12.374132737000025,50.85324923200005],[12.442501815000071,50.84402739500007],[12.459254289000057,50.88044858400008],[12.521322395000027,50.90759852700006],[12.640121045000058,50.90307378300008],[12.652865740000038,50.923677903000055],[12.624357315000054,50.93970986800008],[12.607533974000035,50.99673176500005],[12.583807026000045,50.98183293800008],[12.528349485000035,50.998280331000046],[12.538852058000032,51.02425203800004],[12.507388166000055,51.017275890000064],[12.504459791000045,51.06079102100006],[12.462914729000033,51.06689980300007],[12.458382880000045,51.084550712000066],[12.372409340000047,51.07747447400004],[12.331598674000077,51.10378250500003],[12.26559684600005,51.076984320000065],[12.250268436000056,51.03787289100006],[12.28704538900007,51.037639041000034],[12.291747857000075,51.01869953700003],[12.21458012100004,50.93803207800005],[12.213818569000068,50.95843608900003],[12.182508063000057,50.97586604600008],[12.163529547000053,50.95859978000004],[12.09215763900005,50.97653048800004],[12.01412639800003,50.968670856000074],[12.006571244000042,50.991024147000076],[11.969873133000021,50.994327733000034],[11.977137233000064,51.01645489900005],[11.911895627000035,51.02817928800005],[11.910866916000032,51.04501989900007],[11.888807362000023,51.05584043500005],[11.759689951000041,51.04285785600007],[11.732299863000037,51.068417156000066],[11.700810414000046,51.069402566000065],[11.692382465000037,51.09985159900003],[11.66695005400004,51.11078547800008],[11.62021201400006,51.09744866300008],[11.571659895000039,51.11936512500006],[11.545642779000048,51.10245036800006],[11.48521893700007,51.10253352700005],[11.46336178200005,51.11276038200003],[11.451004307000062,51.146670132000054],[11.485260144000051,51.16559279300003],[11.470817624000063,51.16983847700004],[11.468567729000029,51.19265410600008],[11.43094860900004,51.21247579900006],[11.391420064000044,51.20353330000006],[11.38982494000004,51.21751519400004],[11.364832643000057,51.221359162000056],[11.384567127000025,51.24564122700008],[11.412632300000041,51.24106203300005],[11.475225978000026,51.29805427700006],[11.413594723000074,51.333127825000076],[11.428814556000077,51.34282857800008],[11.39943721800006,51.34483615600004],[11.39685227900003,51.381330726000044],[11.330795693000027,51.39026639000008],[11.321259842000075,51.41037234700008],[11.24850616200007,51.395132827000054],[11.223882996000043,51.41318615300003],[11.141754602000049,51.40263265400006],[11.061390455000037,51.42979197400007],[10.992033080000056,51.41785321300006],[11.010663972000032,51.42531503200007],[10.966733926000074,51.43235320700006],[10.960817206000058,51.47122492700004],[10.97294365700003,51.48196093200005],[10.927335260000063,51.52085370200007],[10.947971842000072,51.53757287900004],[10.900496028000077,51.55065470000005],[10.882051629000046,51.580508087000055],[10.894476282000028,51.60183290300006],[10.930538151000064,51.59168093400007],[10.937063688000023,51.60348729100008],[10.914091359000054,51.61016346200006],[10.922012575000053,51.618447435000064],[10.886600561000023,51.61211090900008],[10.85861525100006,51.63289977000005],[10.822567512000035,51.62353957400006],[10.818215835000046,51.639026433000026],[10.764511214000038,51.64900827500003],[10.638209992000043,51.61943703600008],[10.64900050700004,51.60651421500006],[10.633496085000047,51.60790292200005],[10.638674695000077,51.58411696600007],[10.666306959000053,51.578098684000054],[10.65679616600005,51.558301647000064],[10.60426426400005,51.57957531100004],[10.51897376100004,51.55376345500008],[10.444382462000021,51.589656210000044],[10.370023394000043,51.58753647800006],[10.36766403300004,51.54303646400007],[10.342275478000033,51.51949714700004],[10.308817636000072,51.51513978300005],[10.29966982600007,51.493896094000036],[10.233173013000055,51.470846384000026],[10.201975121000032,51.48651977000003],[10.178251590000059,51.47001635500004],[10.174306043000058,51.44625609900004],[10.140004545000068,51.44261411700006],[10.152939908000064,51.43025975900008],[10.08010799300007,51.43456023500005],[10.069108089000053,51.41843830500005],[10.046802958000058,51.43667335500004],[10.037843720000069,51.420004938000034],[10.009328775000029,51.420603553000035],[9.923293275000049,51.368043123000064],[9.949172505000035,51.31820623200008],[9.939356592000024,51.30740986400008],[9.969853098000044,51.30027113800003],[9.971981130000074,51.284895505000065],[10.059916187000056,51.27586548900007],[10.046969081000043,51.25342573700004],[10.078995134000024,51.24278092800006],[10.068673434000061,51.22656282200006],[10.235776989000044,51.186695162000035],[10.207323427000063,51.16491704800006],[10.19995902200003,51.11297207700005],[10.168738649000034,51.15326772100008],[10.118321564000041,51.13957300700008],[10.174630972000045,51.11686746000004],[10.140590157000076,51.05849138900004],[10.198846624000055,51.040090389000056],[10.215185735000034,51.02641935100007],[10.192621926000072,51.01853212300006],[10.202904887000045,51.00810588000007],[10.14688003200007,50.99382352400005],[10.12084283400003,51.01170074100003],[10.036400428000036,51.01237619600005],[10.019470217000048,50.98070807900007],[10.062345939000068,50.943783547000066],[9.950086587000044,50.94225025600008],[9.95714401500004,50.92260019200006],[9.991996475000064,50.93451451100003],[9.971463749000065,50.907410938000055],[10.015635922000058,50.92062395100004],[10.059803704000046,50.88539256400003],[10.021893143000057,50.86448629900008],[10.021928583000033,50.84785663400004],[10.038620257000048,50.85311491200008],[10.023054524000031,50.83163142600006],[9.952252803000022,50.821374509000066],[9.952133926000045,50.77329162500007],[9.928430938000076,50.77659421300007],[9.920126452000034,50.75961203400004],[9.939614276000043,50.755919978000065],[9.941503200000056,50.73913914000008],[9.908890736000046,50.704532451000034],[9.923955435000039,50.69513052100007],[9.881273200000066,50.673378626000044],[9.878551050000056,50.63478121000003],[9.960722013000066,50.62948365400007],[9.96890154600004,50.64125944300008],[9.951484133000065,50.66592744600007],[10.05402966400004,50.67116299200006],[10.082964842000024,50.633705347000046],[10.08104983800007,50.62002482400004],[10.037191069000073,50.61292626900007],[10.061828605000073,50.55668738400004],[10.041338408000058,50.51646958200007],[10.119408294000038,50.56422474400006],[10.140366563000043,50.54285042600003],[10.203873884000075,50.554700851000064],[10.231973530000062,50.53108771900003],[10.230827931000022,50.51180310400008],[10.330582236000055,50.49427653500004],[10.33615420500007,50.46589718800004],[10.38133203500007,50.438851905000035],[10.370714811000028,50.43175807200004],[10.403834693000022,50.42477513000006],[10.383918035000022,50.408621476000064],[10.39449369700003,50.39365203400007],[10.44950284600003,50.40304677100005],[10.463657887000068,50.37601454900005],[10.494443233000027,50.36944297500003],[10.492405731000076,50.35505584500004],[10.544408273000045,50.36450557900008],[10.561785334000035,50.33709847500006],[10.600550296000051,50.33368802900003],[10.592359352000074,50.30808136300004],[10.605324195000037,50.293536998000036],[10.591040414000076,50.27178438200008],[10.607295940000029,50.27125747700006],[10.597829215000047,50.262620980000065],[10.611314700000037,50.24907497500004],[10.597108477000063,50.24617272200004],[10.612047270000062,50.224138442000026],[10.68671445800004,50.22590758500007],[10.716645150000033,50.20481895900008],[10.731220988000075,50.21265420800006],[10.732167774000061,50.25183794600008],[10.84466635800004,50.24315772500006],[10.846358138000028,50.27509463700005],[10.71539585100004,50.32117650400005],[10.728872533000072,50.34794160700005],[10.71245514100002,50.354643785000064],[10.754509496000026,50.358171911000056],[10.785881505000077,50.38538423400007],[10.87274682800006,50.396794483000065],[10.89311800400003,50.38032394700008],[10.937634647000039,50.39190511400005],[10.98578072600003,50.34732052600003],[10.99951930800006,50.35197304900004],[10.993487278000032,50.36546867700008],[11.033417377000035,50.36135823600006],[11.04298839300003,50.34472165100004],[11.115304910000077,50.36700690300006],[11.116797804000043,50.349333932000036],[11.139107812000077,50.35350569700006],[11.159197358000029,50.330391993000035],[11.131754613000055,50.30808767700006],[11.14592282700005,50.284956470000054],[11.187139425000055,50.26955572600008],[11.19784829300005,50.29185637100005],[11.252298162000045,50.26902096100008],[11.25199460500005,50.29926494600005],[11.270336658000076,50.30674659300007],[11.261328835000029,50.33791262700004],[11.277099067000051,50.33596244700004],[11.262435241000048,50.352401033000035],[11.284252880000054,50.36030743400005],[11.258055654000032,50.400038394000035],[11.268013488000065,50.43221228700003],[11.247092021000071,50.448924316000046],[11.247115540000038,50.47730383000004],[11.28911478200007,50.48556597700008],[11.290982390000067,50.475256528000045],[11.346569075000048,50.52153502600004],[11.429278748000058,50.51223288400007],[11.440946481000026,50.49995944800003],[11.418814569000062,50.493461446000026],[11.420630678000066,50.44336648500007],[11.451254293000034,50.43103282800007],[11.443441968000059,50.42082108100004],[11.48156795400007,50.43162169200008],[11.478737316000036,50.401215894000075],[11.518909861000054,50.39566601100006],[11.519853242000067,50.37426848300004],[11.57315188800004,50.400121883000054],[11.624601485000028,50.386870402000056],[11.78025113700005,50.41875476000007],[11.825495292000028,50.40442003100003],[11.824265370000035,50.38975684500008]]]}}]}